Date_Time (GMT), Event, Speed (cm/sec)
2026-01-01 12:59 AM, slack,-
2026-01-01 04:12 AM, ebb,-101
2026-01-01 07:45 AM, slack,-
2026-01-01 09:59 AM, flood,93
2026-01-01 01:18 PM, slack,-
2026-01-01 04:44 PM, ebb,-126
2026-01-01 08:41 PM, slack,-
2026-01-01 10:48 PM, flood,86
2026-01-02 01:59 AM, slack,-
2026-01-02 05:10 AM, ebb,-107
2026-01-02 08:45 AM, slack,-
2026-01-02 10:59 AM, flood,97
2026-01-02 02:16 PM, slack,-
2026-01-02 05:41 PM, ebb,-130
2026-01-02 09:36 PM, slack,-
2026-01-02 11:46 PM, flood,93
2026-01-03 02:56 AM, slack,-
2026-01-03 06:07 AM, ebb,-112
2026-01-03 09:43 AM, slack,-
2026-01-03 11:57 AM, flood,100
2026-01-03 03:11 PM, slack,-
2026-01-03 06:35 PM, ebb,-132
2026-01-03 10:28 PM, slack,-
2026-01-04 12:40 AM, flood,98
2026-01-04 03:50 AM, slack,-
2026-01-04 07:02 AM, ebb,-116
2026-01-04 10:39 AM, slack,-
2026-01-04 12:51 PM, flood,101
2026-01-04 04:04 PM, slack,-
2026-01-04 07:28 PM, ebb,-131
2026-01-04 11:19 PM, slack,-
2026-01-05 01:31 AM, flood,100
2026-01-05 04:43 AM, slack,-
2026-01-05 07:56 AM, ebb,-118
2026-01-05 11:35 AM, slack,-
2026-01-05 01:44 PM, flood,98
2026-01-05 04:56 PM, slack,-
2026-01-05 08:21 PM, ebb,-126
2026-01-06 12:09 AM, slack,-
2026-01-06 02:21 AM, flood,100
2026-01-06 05:34 AM, slack,-
2026-01-06 08:49 AM, ebb,-117
2026-01-06 12:30 PM, slack,-
2026-01-06 02:36 PM, flood,92
2026-01-06 05:48 PM, slack,-
2026-01-06 09:12 PM, ebb,-119
2026-01-07 12:58 AM, slack,-
2026-01-07 03:11 AM, flood,96
2026-01-07 06:25 AM, slack,-
2026-01-07 09:41 AM, ebb,-114
2026-01-07 01:26 PM, slack,-
2026-01-07 03:30 PM, flood,84
2026-01-07 06:41 PM, slack,-
2026-01-07 10:03 PM, ebb,-109
2026-01-08 01:47 AM, slack,-
2026-01-08 04:01 AM, flood,90
2026-01-08 07:15 AM, slack,-
2026-01-08 10:34 AM, ebb,-109
2026-01-08 02:23 PM, slack,-
2026-01-08 04:26 PM, flood,75
2026-01-08 07:34 PM, slack,-
2026-01-08 10:54 PM, ebb,-98
2026-01-09 02:38 AM, slack,-
2026-01-09 04:51 AM, flood,83
2026-01-09 08:05 AM, slack,-
2026-01-09 11:28 AM, ebb,-103
2026-01-09 03:22 PM, slack,-
2026-01-09 05:23 PM, flood,67
2026-01-09 08:28 PM, slack,-
2026-01-09 11:48 PM, ebb,-86
2026-01-10 03:30 AM, slack,-
2026-01-10 05:43 AM, flood,76
2026-01-10 08:55 AM, slack,-
2026-01-10 12:23 PM, ebb,-97
2026-01-10 04:21 PM, slack,-
2026-01-10 06:22 PM, flood,60
2026-01-10 09:25 PM, slack,-
2026-01-11 12:45 AM, ebb,-78
2026-01-11 04:24 AM, slack,-
2026-01-11 06:35 AM, flood,70
2026-01-11 09:46 AM, slack,-
2026-01-11 01:20 PM, ebb,-92
2026-01-11 05:19 PM, slack,-
2026-01-11 07:20 PM, flood,57
2026-01-11 10:23 PM, slack,-
2026-01-12 01:44 AM, ebb,-72
2026-01-12 05:18 AM, slack,-
2026-01-12 07:28 AM, flood,65
2026-01-12 10:37 AM, slack,-
2026-01-12 02:16 PM, ebb,-90
2026-01-12 06:14 PM, slack,-
2026-01-12 08:17 PM, flood,56
2026-01-12 11:19 PM, slack,-
2026-01-13 02:40 AM, ebb,-70
2026-01-13 06:11 AM, slack,-
2026-01-13 08:20 AM, flood,63
2026-01-13 11:28 AM, slack,-
2026-01-13 03:08 PM, ebb,-91
2026-01-13 07:05 PM, slack,-
2026-01-13 09:10 PM, flood,58
2026-01-14 12:12 AM, slack,-
2026-01-14 03:31 AM, ebb,-72
2026-01-14 07:02 AM, slack,-
2026-01-14 09:10 AM, flood,64
2026-01-14 12:17 PM, slack,-
2026-01-14 03:55 PM, ebb,-93
2026-01-14 07:51 PM, slack,-
2026-01-14 09:58 PM, flood,61
2026-01-15 01:00 AM, slack,-
2026-01-15 04:16 AM, ebb,-76
2026-01-15 07:48 AM, slack,-
2026-01-15 09:56 AM, flood,67
2026-01-15 01:03 PM, slack,-
2026-01-15 04:36 PM, ebb,-96
2026-01-15 08:33 PM, slack,-
2026-01-15 10:41 PM, flood,66
2026-01-16 01:44 AM, slack,-
2026-01-16 04:56 AM, ebb,-82
2026-01-16 08:32 AM, slack,-
2026-01-16 10:39 AM, flood,72
2026-01-16 01:46 PM, slack,-
2026-01-16 05:15 PM, ebb,-101
2026-01-16 09:13 PM, slack,-
2026-01-16 11:20 PM, flood,72
2026-01-17 02:24 AM, slack,-
2026-01-17 05:35 AM, ebb,-89
2026-01-17 09:13 AM, slack,-
2026-01-17 11:19 AM, flood,77
2026-01-17 02:27 PM, slack,-
2026-01-17 05:53 PM, ebb,-106
2026-01-17 09:50 PM, slack,-
2026-01-17 11:56 PM, flood,79
2026-01-18 03:02 AM, slack,-
2026-01-18 06:13 AM, ebb,-96
2026-01-18 09:54 AM, slack,-
2026-01-18 11:57 AM, flood,83
2026-01-18 03:07 PM, slack,-
2026-01-18 06:31 PM, ebb,-111
2026-01-18 10:26 PM, slack,-
2026-01-19 12:31 AM, flood,85
2026-01-19 03:40 AM, slack,-
2026-01-19 06:52 AM, ebb,-103
2026-01-19 10:33 AM, slack,-
2026-01-19 12:35 PM, flood,87
2026-01-19 03:46 PM, slack,-
2026-01-19 07:09 PM, ebb,-114
2026-01-19 11:01 PM, slack,-
2026-01-20 01:06 AM, flood,90
2026-01-20 04:18 AM, slack,-
2026-01-20 07:32 AM, ebb,-110
2026-01-20 11:14 AM, slack,-
2026-01-20 01:14 PM, flood,90
2026-01-20 04:26 PM, slack,-
2026-01-20 07:48 PM, ebb,-117
2026-01-20 11:37 PM, slack,-
2026-01-21 01:42 AM, flood,94
2026-01-21 04:58 AM, slack,-
2026-01-21 08:14 AM, ebb,-115
2026-01-21 11:55 AM, slack,-
2026-01-21 01:54 PM, flood,91
2026-01-21 05:08 PM, slack,-
2026-01-21 08:30 PM, ebb,-117
2026-01-22 12:14 AM, slack,-
2026-01-22 02:21 AM, flood,96
2026-01-22 05:38 AM, slack,-
2026-01-22 08:57 AM, ebb,-118
2026-01-22 12:40 PM, slack,-
2026-01-22 02:37 PM, flood,89
2026-01-22 05:51 PM, slack,-
2026-01-22 09:13 PM, ebb,-114
2026-01-23 12:54 AM, slack,-
2026-01-23 03:02 AM, flood,96
2026-01-23 06:22 AM, slack,-
2026-01-23 09:42 AM, ebb,-119
2026-01-23 01:27 PM, slack,-
2026-01-23 03:24 PM, flood,86
2026-01-23 06:38 PM, slack,-
2026-01-23 09:59 PM, ebb,-110
2026-01-24 01:37 AM, slack,-
2026-01-24 03:47 AM, flood,94
2026-01-24 07:08 AM, slack,-
2026-01-24 10:31 AM, ebb,-118
2026-01-24 02:20 PM, slack,-
2026-01-24 04:14 PM, flood,80
2026-01-24 07:29 PM, slack,-
2026-01-24 10:49 PM, ebb,-103
2026-01-25 02:26 AM, slack,-
2026-01-25 04:37 AM, flood,90
2026-01-25 07:59 AM, slack,-
2026-01-25 11:24 AM, ebb,-114
2026-01-25 03:17 PM, slack,-
2026-01-25 05:10 PM, flood,74
2026-01-25 08:24 PM, slack,-
2026-01-25 11:44 PM, ebb,-96
2026-01-26 03:21 AM, slack,-
2026-01-26 05:32 AM, flood,86
2026-01-26 08:55 AM, slack,-
2026-01-26 12:22 PM, ebb,-110
2026-01-26 04:20 PM, slack,-
2026-01-26 06:11 PM, flood,69
2026-01-26 09:26 PM, slack,-
2026-01-27 12:45 AM, ebb,-90
2026-01-27 04:23 AM, slack,-
2026-01-27 06:32 AM, flood,83
2026-01-27 09:56 AM, slack,-
2026-01-27 01:25 PM, ebb,-108
2026-01-27 05:26 PM, slack,-
2026-01-27 07:19 PM, flood,67
2026-01-27 10:34 PM, slack,-
2026-01-28 01:51 AM, ebb,-89
2026-01-28 05:28 AM, slack,-
2026-01-28 07:37 AM, flood,81
2026-01-28 11:01 AM, slack,-
2026-01-28 02:31 PM, ebb,-109
2026-01-28 06:31 PM, slack,-
2026-01-28 08:31 PM, flood,69
2026-01-28 11:43 PM, slack,-
2026-01-29 02:58 AM, ebb,-91
2026-01-29 06:34 AM, slack,-
2026-01-29 08:46 AM, flood,83
2026-01-29 12:07 PM, slack,-
2026-01-29 03:35 PM, ebb,-113
2026-01-29 07:33 PM, slack,-
2026-01-29 09:41 PM, flood,75
2026-01-30 12:49 AM, slack,-
2026-01-30 04:02 AM, ebb,-98
2026-01-30 07:38 AM, slack,-
2026-01-30 09:54 AM, flood,88
2026-01-30 01:09 PM, slack,-
2026-01-30 04:36 PM, ebb,-119
2026-01-30 08:31 PM, slack,-
2026-01-30 10:43 PM, flood,84
2026-01-31 01:49 AM, slack,-
2026-01-31 05:01 AM, ebb,-106
2026-01-31 08:38 AM, slack,-
2026-01-31 10:55 AM, flood,93
2026-01-31 02:07 PM, slack,-
2026-01-31 05:32 PM, ebb,-124
2026-01-31 09:24 PM, slack,-
2026-01-31 11:38 PM, flood,93
2026-02-01 02:44 AM, slack,-
2026-02-01 05:57 AM, ebb,-113
2026-02-01 09:35 AM, slack,-
2026-02-01 11:51 AM, flood,98
2026-02-01 03:01 PM, slack,-
2026-02-01 06:24 PM, ebb,-126
2026-02-01 10:13 PM, slack,-
2026-02-02 12:28 AM, flood,99
2026-02-02 03:35 AM, slack,-
2026-02-02 06:49 AM, ebb,-119
2026-02-02 10:29 AM, slack,-
2026-02-02 12:42 PM, flood,99
2026-02-02 03:51 PM, slack,-
2026-02-02 07:14 PM, ebb,-126
2026-02-02 11:00 PM, slack,-
2026-02-03 01:14 AM, flood,102
2026-02-03 04:23 AM, slack,-
2026-02-03 07:39 AM, ebb,-122
2026-02-03 11:21 AM, slack,-
2026-02-03 01:30 PM, flood,97
2026-02-03 04:40 PM, slack,-
2026-02-03 08:01 PM, ebb,-122
2026-02-03 11:45 PM, slack,-
2026-02-04 01:58 AM, flood,102
2026-02-04 05:10 AM, slack,-
2026-02-04 08:28 AM, ebb,-121
2026-02-04 12:11 PM, slack,-
2026-02-04 02:17 PM, flood,91
2026-02-04 05:27 PM, slack,-
2026-02-04 08:48 PM, ebb,-115
2026-02-05 12:29 AM, slack,-
2026-02-05 02:41 AM, flood,97
2026-02-05 05:55 AM, slack,-
2026-02-05 09:15 AM, ebb,-117
2026-02-05 01:01 PM, slack,-
2026-02-05 03:04 PM, flood,84
2026-02-05 06:14 PM, slack,-
2026-02-05 09:33 PM, ebb,-105
2026-02-06 01:14 AM, slack,-
2026-02-06 03:24 AM, flood,90
2026-02-06 06:39 AM, slack,-
2026-02-06 10:01 AM, ebb,-111
2026-02-06 01:52 PM, slack,-
2026-02-06 03:52 PM, flood,74
2026-02-06 07:02 PM, slack,-
2026-02-06 10:20 PM, ebb,-94
2026-02-07 02:00 AM, slack,-
2026-02-07 04:08 AM, flood,81
2026-02-07 07:24 AM, slack,-
2026-02-07 10:48 AM, ebb,-102
2026-02-07 02:44 PM, slack,-
2026-02-07 04:41 PM, flood,65
2026-02-07 07:50 PM, slack,-
2026-02-07 11:07 PM, ebb,-83
2026-02-08 02:49 AM, slack,-
2026-02-08 04:55 AM, flood,72
2026-02-08 08:10 AM, slack,-
2026-02-08 11:37 AM, ebb,-94
2026-02-08 03:39 PM, slack,-
2026-02-08 05:34 PM, flood,58
2026-02-08 08:41 PM, slack,-
2026-02-08 11:58 PM, ebb,-74
2026-02-09 03:41 AM, slack,-
2026-02-09 05:44 AM, flood,64
2026-02-09 08:58 AM, slack,-
2026-02-09 12:28 PM, ebb,-87
2026-02-09 04:34 PM, slack,-
2026-02-09 06:29 PM, flood,53
2026-02-09 09:35 PM, slack,-
2026-02-10 12:53 AM, ebb,-68
2026-02-10 04:35 AM, slack,-
2026-02-10 06:36 AM, flood,59
2026-02-10 09:48 AM, slack,-
2026-02-10 01:23 PM, ebb,-82
2026-02-10 05:29 PM, slack,-
2026-02-10 07:25 PM, flood,51
2026-02-10 10:30 PM, slack,-
2026-02-11 01:50 AM, ebb,-66
2026-02-11 05:30 AM, slack,-
2026-02-11 07:30 AM, flood,57
2026-02-11 10:41 AM, slack,-
2026-02-11 02:18 PM, ebb,-82
2026-02-11 06:21 PM, slack,-
2026-02-11 08:21 PM, flood,52
2026-02-11 11:25 PM, slack,-
2026-02-12 02:44 AM, ebb,-69
2026-02-12 06:23 AM, slack,-
2026-02-12 08:23 AM, flood,59
2026-02-12 11:34 AM, slack,-
2026-02-12 03:10 PM, ebb,-85
2026-02-12 07:10 PM, slack,-
2026-02-12 09:13 PM, flood,57
2026-02-13 12:16 AM, slack,-
2026-02-13 03:33 AM, ebb,-75
2026-02-13 07:12 AM, slack,-
2026-02-13 09:14 AM, flood,63
2026-02-13 12:24 PM, slack,-
2026-02-13 03:56 PM, ebb,-90
2026-02-13 07:54 PM, slack,-
2026-02-13 09:59 PM, flood,64
2026-02-14 01:03 AM, slack,-
2026-02-14 04:18 AM, ebb,-84
2026-02-14 07:58 AM, slack,-
2026-02-14 10:02 AM, flood,70
2026-02-14 01:11 PM, slack,-
2026-02-14 04:39 PM, ebb,-98
2026-02-14 08:35 PM, slack,-
2026-02-14 10:41 PM, flood,72
2026-02-15 01:46 AM, slack,-
2026-02-15 05:00 AM, ebb,-93
2026-02-15 08:41 AM, slack,-
2026-02-15 10:45 AM, flood,78
2026-02-15 01:56 PM, slack,-
2026-02-15 05:19 PM, ebb,-105
2026-02-15 09:13 PM, slack,-
2026-02-15 11:20 PM, flood,81
2026-02-16 02:27 AM, slack,-
2026-02-16 05:41 AM, ebb,-104
2026-02-16 09:23 AM, slack,-
2026-02-16 11:27 AM, flood,86
2026-02-16 02:38 PM, slack,-
2026-02-16 05:59 PM, ebb,-112
2026-02-16 09:50 PM, slack,-
2026-02-16 11:57 PM, flood,90
2026-02-17 03:07 AM, slack,-
2026-02-17 06:22 AM, ebb,-113
2026-02-17 10:05 AM, slack,-
2026-02-17 12:08 PM, flood,92
2026-02-17 03:20 PM, slack,-
2026-02-17 06:40 PM, ebb,-118
2026-02-17 10:27 PM, slack,-
2026-02-18 12:34 AM, flood,97
2026-02-18 03:47 AM, slack,-
2026-02-18 07:04 AM, ebb,-121
2026-02-18 10:47 AM, slack,-
2026-02-18 12:48 PM, flood,96
2026-02-18 04:02 PM, slack,-
2026-02-18 07:21 PM, ebb,-120
2026-02-18 11:05 PM, slack,-
2026-02-19 01:12 AM, flood,101
2026-02-19 04:28 AM, slack,-
2026-02-19 07:46 AM, ebb,-127
2026-02-19 11:30 AM, slack,-
2026-02-19 01:30 PM, flood,98
2026-02-19 04:46 PM, slack,-
2026-02-19 08:04 PM, ebb,-120
2026-02-19 11:44 PM, slack,-
2026-02-20 01:52 AM, flood,103
2026-02-20 05:10 AM, slack,-
2026-02-20 08:31 AM, ebb,-129
2026-02-20 12:16 PM, slack,-
2026-02-20 02:15 PM, flood,95
2026-02-20 05:31 PM, slack,-
2026-02-20 08:49 PM, ebb,-117
2026-02-21 12:26 AM, slack,-
2026-02-21 02:35 AM, flood,102
2026-02-21 05:55 AM, slack,-
2026-02-21 09:18 AM, ebb,-128
2026-02-21 01:05 PM, slack,-
2026-02-21 03:02 PM, flood,90
2026-02-21 06:19 PM, slack,-
2026-02-21 09:37 PM, ebb,-111
2026-02-22 01:13 AM, slack,-
2026-02-22 03:22 AM, flood,97
2026-02-22 06:44 AM, slack,-
2026-02-22 10:08 AM, ebb,-123
2026-02-22 01:58 PM, slack,-
2026-02-22 03:54 PM, flood,82
2026-02-22 07:11 PM, slack,-
2026-02-22 10:29 PM, ebb,-103
2026-02-23 02:05 AM, slack,-
2026-02-23 04:15 AM, flood,90
2026-02-23 07:37 AM, slack,-
2026-02-23 11:02 AM, ebb,-115
2026-02-23 02:58 PM, slack,-
2026-02-23 04:53 PM, flood,74
2026-02-23 08:09 PM, slack,-
2026-02-23 11:27 PM, ebb,-95
2026-02-24 03:05 AM, slack,-
2026-02-24 05:14 AM, flood,83
2026-02-24 08:36 AM, slack,-
2026-02-24 12:03 PM, ebb,-108
2026-02-24 04:05 PM, slack,-
2026-02-24 05:59 PM, flood,67
2026-02-24 09:14 PM, slack,-
2026-02-25 12:31 AM, ebb,-88
2026-02-25 04:11 AM, slack,-
2026-02-25 06:20 AM, flood,78
2026-02-25 09:42 AM, slack,-
2026-02-25 01:10 PM, ebb,-103
2026-02-25 05:14 PM, slack,-
2026-02-25 07:13 PM, flood,65
2026-02-25 10:25 PM, slack,-
2026-02-26 01:41 AM, ebb,-86
2026-02-26 05:22 AM, slack,-
2026-02-26 07:32 AM, flood,76
2026-02-26 10:51 AM, slack,-
2026-02-26 02:21 PM, ebb,-103
2026-02-26 06:21 PM, slack,-
2026-02-26 08:28 PM, flood,68
2026-02-26 11:35 PM, slack,-
2026-02-27 02:51 AM, ebb,-91
2026-02-27 06:30 AM, slack,-
2026-02-27 08:45 AM, flood,79
2026-02-27 11:59 AM, slack,-
2026-02-27 03:28 PM, ebb,-107
2026-02-27 07:22 PM, slack,-
2026-02-27 09:36 PM, flood,76
2026-02-28 12:40 AM, slack,-
2026-02-28 03:56 AM, ebb,-99
2026-02-28 07:34 AM, slack,-
2026-02-28 09:52 AM, flood,84
2026-02-28 01:02 PM, slack,-
2026-02-28 04:28 PM, ebb,-113
2026-02-28 08:18 PM, slack,-
2026-02-28 10:34 PM, flood,86
2026-03-01 01:37 AM, slack,-
2026-03-01 04:53 AM, ebb,-109
2026-03-01 08:32 AM, slack,-
2026-03-01 10:51 AM, flood,91
2026-03-01 01:58 PM, slack,-
2026-03-01 05:22 PM, ebb,-118
2026-03-01 09:07 PM, slack,-
2026-03-01 11:25 PM, flood,94
2026-03-02 02:29 AM, slack,-
2026-03-02 05:46 AM, ebb,-117
2026-03-02 09:26 AM, slack,-
2026-03-02 11:42 AM, flood,95
2026-03-02 02:49 PM, slack,-
2026-03-02 06:11 PM, ebb,-120
2026-03-02 09:53 PM, slack,-
2026-03-03 12:10 AM, flood,100
2026-03-03 03:16 AM, slack,-
2026-03-03 06:34 AM, ebb,-122
2026-03-03 10:17 AM, slack,-
2026-03-03 12:29 PM, flood,96
2026-03-03 03:37 PM, slack,-
2026-03-03 06:56 PM, ebb,-119
2026-03-03 10:37 PM, slack,-
2026-03-04 12:52 AM, flood,102
2026-03-04 04:00 AM, slack,-
2026-03-04 07:20 AM, ebb,-124
2026-03-04 11:04 AM, slack,-
2026-03-04 01:13 PM, flood,94
2026-03-04 04:22 PM, slack,-
2026-03-04 07:40 PM, ebb,-114
2026-03-04 11:19 PM, slack,-
2026-03-05 01:31 AM, flood,100
2026-03-05 04:42 AM, slack,-
2026-03-05 08:03 AM, ebb,-123
2026-03-05 11:50 AM, slack,-
2026-03-05 01:55 PM, flood,90
2026-03-05 05:05 PM, slack,-
2026-03-05 08:22 PM, ebb,-108
2026-03-06 12:00 AM, slack,-
2026-03-06 02:09 AM, flood,94
2026-03-06 05:22 AM, slack,-
2026-03-06 08:45 AM, ebb,-118
2026-03-06 12:35 PM, slack,-
2026-03-06 02:36 PM, flood,82
2026-03-06 05:47 PM, slack,-
2026-03-06 09:04 PM, ebb,-100
2026-03-07 12:42 AM, slack,-
2026-03-07 02:48 AM, flood,87
2026-03-07 06:02 AM, slack,-
2026-03-07 09:26 AM, ebb,-110
2026-03-07 01:20 PM, slack,-
2026-03-07 03:17 PM, flood,74
2026-03-07 06:30 PM, slack,-
2026-03-07 09:45 PM, ebb,-91
2026-03-08 01:25 AM, slack,-
2026-03-08 03:27 AM, flood,78
2026-03-08 06:43 AM, slack,-
2026-03-08 10:08 AM, ebb,-101
2026-03-08 02:06 PM, slack,-
2026-03-08 04:01 PM, flood,66
2026-03-08 07:13 PM, slack,-
2026-03-08 10:29 PM, ebb,-82
2026-03-09 02:10 AM, slack,-
2026-03-09 04:10 AM, flood,69
2026-03-09 07:25 AM, slack,-
2026-03-09 10:52 AM, ebb,-92
2026-03-09 02:55 PM, slack,-
2026-03-09 04:47 PM, flood,58
2026-03-09 07:59 PM, slack,-
2026-03-09 11:15 PM, ebb,-75
2026-03-10 03:00 AM, slack,-
2026-03-10 04:56 AM, flood,62
2026-03-10 08:10 AM, slack,-
2026-03-10 11:39 AM, ebb,-84
2026-03-10 03:46 PM, slack,-
2026-03-10 05:38 PM, flood,53
2026-03-10 08:48 PM, slack,-
2026-03-11 12:05 AM, ebb,-70
2026-03-11 03:53 AM, slack,-
2026-03-11 05:47 AM, flood,57
2026-03-11 09:00 AM, slack,-
2026-03-11 12:31 PM, ebb,-79
2026-03-11 04:40 PM, slack,-
2026-03-11 06:32 PM, flood,51
2026-03-11 09:40 PM, slack,-
2026-03-12 01:00 AM, ebb,-68
2026-03-12 04:48 AM, slack,-
2026-03-12 06:41 AM, flood,56
2026-03-12 09:53 AM, slack,-
2026-03-12 01:26 PM, ebb,-78
2026-03-12 05:32 PM, slack,-
2026-03-12 07:27 PM, flood,52
2026-03-12 10:35 PM, slack,-
2026-03-13 01:56 AM, ebb,-71
2026-03-13 05:42 AM, slack,-
2026-03-13 07:36 AM, flood,58
2026-03-13 10:48 AM, slack,-
2026-03-13 02:21 PM, ebb,-81
2026-03-13 06:22 PM, slack,-
2026-03-13 08:20 PM, flood,58
2026-03-13 11:29 PM, slack,-
2026-03-14 02:49 AM, ebb,-78
2026-03-14 06:33 AM, slack,-
2026-03-14 08:30 AM, flood,63
2026-03-14 11:43 AM, slack,-
2026-03-14 03:11 PM, ebb,-88
2026-03-14 07:08 PM, slack,-
2026-03-14 09:10 PM, flood,65
2026-03-15 12:19 AM, slack,-
2026-03-15 03:37 AM, ebb,-89
2026-03-15 07:21 AM, slack,-
2026-03-15 09:21 AM, flood,71
2026-03-15 12:34 PM, slack,-
2026-03-15 03:58 PM, ebb,-96
2026-03-15 07:50 PM, slack,-
2026-03-15 09:56 PM, flood,75
2026-03-16 01:05 AM, slack,-
2026-03-16 04:23 AM, ebb,-100
2026-03-16 08:07 AM, slack,-
2026-03-16 10:09 AM, flood,80
2026-03-16 01:22 PM, slack,-
2026-03-16 04:43 PM, ebb,-105
2026-03-16 08:31 PM, slack,-
2026-03-16 10:39 PM, flood,85
2026-03-17 01:49 AM, slack,-
2026-03-17 05:07 AM, ebb,-112
2026-03-17 08:52 AM, slack,-
2026-03-17 10:55 AM, flood,89
2026-03-17 02:08 PM, slack,-
2026-03-17 05:26 PM, ebb,-113
2026-03-17 09:11 PM, slack,-
2026-03-17 11:20 PM, flood,95
2026-03-18 02:32 AM, slack,-
2026-03-18 05:50 AM, ebb,-123
2026-03-18 09:36 AM, slack,-
2026-03-18 11:39 AM, flood,96
2026-03-18 02:53 PM, slack,-
2026-03-18 06:09 PM, ebb,-118
2026-03-18 09:51 PM, slack,-
2026-03-19 12:00 AM, flood,102
2026-03-19 03:15 AM, slack,-
2026-03-19 06:34 AM, ebb,-132
2026-03-19 10:20 AM, slack,-
2026-03-19 12:23 PM, flood,101
2026-03-19 03:38 PM, slack,-
2026-03-19 06:54 PM, ebb,-121
2026-03-19 10:33 PM, slack,-
2026-03-20 12:42 AM, flood,106
2026-03-20 03:58 AM, slack,-
2026-03-20 07:20 AM, ebb,-136
2026-03-20 11:06 AM, slack,-
2026-03-20 01:07 PM, flood,102
2026-03-20 04:24 PM, slack,-
2026-03-20 07:40 PM, ebb,-121
2026-03-20 11:16 PM, slack,-
2026-03-21 01:25 AM, flood,107
2026-03-21 04:43 AM, slack,-
2026-03-21 08:06 AM, ebb,-136
2026-03-21 11:54 AM, slack,-
2026-03-21 01:54 PM, flood,99
2026-03-21 05:12 PM, slack,-
2026-03-21 08:28 PM, ebb,-118
2026-03-22 12:03 AM, slack,-
2026-03-22 02:11 AM, flood,104
2026-03-22 05:31 AM, slack,-
2026-03-22 08:56 AM, ebb,-132
2026-03-22 12:45 PM, slack,-
2026-03-22 02:44 PM, flood,92
2026-03-22 06:03 PM, slack,-
2026-03-22 09:19 PM, ebb,-111
2026-03-23 12:53 AM, slack,-
2026-03-23 03:02 AM, flood,97
2026-03-23 06:23 AM, slack,-
2026-03-23 09:48 AM, ebb,-124
2026-03-23 01:41 PM, slack,-
2026-03-23 03:39 PM, flood,84
2026-03-23 06:58 PM, slack,-
2026-03-23 10:14 PM, ebb,-103
2026-03-24 01:50 AM, slack,-
2026-03-24 03:58 AM, flood,88
2026-03-24 07:20 AM, slack,-
2026-03-24 10:46 AM, ebb,-115
2026-03-24 02:44 PM, slack,-
2026-03-24 04:42 PM, flood,75
2026-03-24 07:59 PM, slack,-
2026-03-24 11:14 PM, ebb,-94
2026-03-25 02:55 AM, slack,-
2026-03-25 05:02 AM, flood,80
2026-03-25 08:23 AM, slack,-
2026-03-25 11:49 AM, ebb,-106
2026-03-25 03:51 PM, slack,-
2026-03-25 05:54 PM, flood,69
2026-03-25 09:06 PM, slack,-
2026-03-26 12:21 AM, ebb,-89
2026-03-26 04:05 AM, slack,-
2026-03-26 06:14 AM, flood,74
2026-03-26 09:32 AM, slack,-
2026-03-26 12:59 PM, ebb,-100
2026-03-26 05:01 PM, slack,-
2026-03-26 07:09 PM, flood,68
2026-03-26 10:16 PM, slack,-
2026-03-27 01:34 AM, ebb,-89
2026-03-27 05:17 AM, slack,-
2026-03-27 07:30 AM, flood,73
2026-03-27 10:42 AM, slack,-
2026-03-27 02:12 PM, ebb,-99
2026-03-27 06:06 PM, slack,-
2026-03-27 08:20 PM, flood,73
2026-03-27 11:24 PM, slack,-
2026-03-28 02:44 AM, ebb,-94
2026-03-28 06:26 AM, slack,-
2026-03-28 08:42 AM, flood,77
2026-03-28 11:50 AM, slack,-
2026-03-28 03:19 PM, ebb,-102
2026-03-28 07:05 PM, slack,-
2026-03-28 09:22 PM, flood,80
2026-03-29 12:25 AM, slack,-
2026-03-29 03:47 AM, ebb,-104
2026-03-29 07:28 AM, slack,-
2026-03-29 09:45 AM, flood,82
2026-03-29 12:51 PM, slack,-
2026-03-29 04:17 PM, ebb,-107
2026-03-29 07:58 PM, slack,-
2026-03-29 10:17 PM, flood,88
2026-03-30 01:20 AM, slack,-
2026-03-30 04:42 AM, ebb,-113
2026-03-30 08:24 AM, slack,-
2026-03-30 10:41 AM, flood,88
2026-03-30 01:46 PM, slack,-
2026-03-30 05:08 PM, ebb,-110
2026-03-30 08:46 PM, slack,-
2026-03-30 11:05 PM, flood,94
2026-03-31 02:08 AM, slack,-
2026-03-31 05:31 AM, ebb,-120
2026-03-31 09:15 AM, slack,-
2026-03-31 11:30 AM, flood,92
2026-03-31 02:35 PM, slack,-
2026-03-31 05:54 PM, ebb,-111
2026-03-31 09:30 PM, slack,-
2026-03-31 11:48 PM, flood,97
2026-04-01 02:52 AM, slack,-
2026-04-01 06:15 AM, ebb,-124
2026-04-01 10:02 AM, slack,-
2026-04-01 12:14 PM, flood,92
2026-04-01 03:20 PM, slack,-
2026-04-01 06:36 PM, ebb,-109
2026-04-01 10:12 PM, slack,-
2026-04-02 12:27 AM, flood,97
2026-04-02 03:33 AM, slack,-
2026-04-02 06:57 AM, ebb,-124
2026-04-02 10:45 AM, slack,-
2026-04-02 12:55 PM, flood,91
2026-04-02 04:02 PM, slack,-
2026-04-02 07:17 PM, ebb,-105
2026-04-02 10:52 PM, slack,-
2026-04-03 01:03 AM, flood,94
2026-04-03 04:12 AM, slack,-
2026-04-03 07:37 AM, ebb,-121
2026-04-03 11:27 AM, slack,-
2026-04-03 01:32 PM, flood,86
2026-04-03 04:42 PM, slack,-
2026-04-03 07:56 PM, ebb,-100
2026-04-03 11:32 PM, slack,-
2026-04-04 01:39 AM, flood,89
2026-04-04 04:50 AM, slack,-
2026-04-04 08:15 AM, ebb,-115
2026-04-04 12:08 PM, slack,-
2026-04-04 02:09 PM, flood,81
2026-04-04 05:21 PM, slack,-
2026-04-04 08:35 PM, ebb,-94
2026-04-05 12:12 AM, slack,-
2026-04-05 02:14 AM, flood,82
2026-04-05 05:27 AM, slack,-
2026-04-05 08:53 AM, ebb,-108
2026-04-05 12:48 PM, slack,-
2026-04-05 02:46 PM, flood,74
2026-04-05 05:59 PM, slack,-
2026-04-05 09:14 PM, ebb,-89
2026-04-06 12:53 AM, slack,-
2026-04-06 02:51 AM, flood,75
2026-04-06 06:05 AM, slack,-
2026-04-06 09:32 AM, ebb,-100
2026-04-06 01:30 PM, slack,-
2026-04-06 03:25 PM, flood,68
2026-04-06 06:39 PM, slack,-
2026-04-06 09:54 PM, ebb,-83
2026-04-07 01:36 AM, slack,-
2026-04-07 03:31 AM, flood,68
2026-04-07 06:45 AM, slack,-
2026-04-07 10:13 AM, ebb,-93
2026-04-07 02:13 PM, slack,-
2026-04-07 04:07 PM, flood,62
2026-04-07 07:21 PM, slack,-
2026-04-07 10:37 PM, ebb,-78
2026-04-08 02:22 AM, slack,-
2026-04-08 04:16 AM, flood,63
2026-04-08 07:28 AM, slack,-
2026-04-08 10:56 AM, ebb,-86
2026-04-08 03:00 PM, slack,-
2026-04-08 04:54 PM, flood,58
2026-04-08 08:07 PM, slack,-
2026-04-08 11:25 PM, ebb,-75
2026-04-09 03:13 AM, slack,-
2026-04-09 05:05 AM, flood,59
2026-04-09 08:16 AM, slack,-
2026-04-09 11:45 AM, ebb,-82
2026-04-09 03:50 PM, slack,-
2026-04-09 05:44 PM, flood,57
2026-04-09 08:57 PM, slack,-
2026-04-10 12:16 AM, ebb,-75
2026-04-10 04:07 AM, slack,-
2026-04-10 05:57 AM, flood,58
2026-04-10 09:08 AM, slack,-
2026-04-10 12:37 PM, ebb,-81
2026-04-10 04:40 PM, slack,-
2026-04-10 06:37 PM, flood,59
2026-04-10 09:49 PM, slack,-
2026-04-11 01:11 AM, ebb,-78
2026-04-11 05:01 AM, slack,-
2026-04-11 06:52 AM, flood,60
2026-04-11 10:03 AM, slack,-
2026-04-11 01:32 PM, ebb,-83
2026-04-11 05:30 PM, slack,-
2026-04-11 07:29 PM, flood,64
2026-04-11 10:43 PM, slack,-
2026-04-12 02:05 AM, ebb,-86
2026-04-12 05:54 AM, slack,-
2026-04-12 07:47 AM, flood,65
2026-04-12 11:00 AM, slack,-
2026-04-12 02:26 PM, ebb,-88
2026-04-12 06:18 PM, slack,-
2026-04-12 08:20 PM, flood,71
2026-04-12 11:34 PM, slack,-
2026-04-13 02:57 AM, ebb,-96
2026-04-13 06:45 AM, slack,-
2026-04-13 08:40 AM, flood,72
2026-04-13 11:55 AM, slack,-
2026-04-13 03:17 PM, ebb,-96
2026-04-13 07:03 PM, slack,-
2026-04-13 09:09 PM, flood,80
2026-04-14 12:24 AM, slack,-
2026-04-14 03:46 AM, ebb,-108
2026-04-14 07:33 AM, slack,-
2026-04-14 09:32 AM, flood,80
2026-04-14 12:47 PM, slack,-
2026-04-14 04:06 PM, ebb,-104
2026-04-14 07:48 PM, slack,-
2026-04-14 09:56 PM, flood,89
2026-04-15 01:11 AM, slack,-
2026-04-15 04:33 AM, ebb,-120
2026-04-15 08:21 AM, slack,-
2026-04-15 10:22 AM, flood,89
2026-04-15 01:38 PM, slack,-
2026-04-15 04:53 PM, ebb,-111
2026-04-15 08:32 PM, slack,-
2026-04-15 10:42 PM, flood,98
2026-04-16 01:58 AM, slack,-
2026-04-16 05:20 AM, ebb,-131
2026-04-16 09:08 AM, slack,-
2026-04-16 11:11 AM, flood,96
2026-04-16 02:27 PM, slack,-
2026-04-16 05:41 PM, ebb,-117
2026-04-16 09:18 PM, slack,-
2026-04-16 11:28 PM, flood,105
2026-04-17 02:44 AM, slack,-
2026-04-17 06:07 AM, ebb,-138
2026-04-17 09:56 AM, slack,-
2026-04-17 11:59 AM, flood,101
2026-04-17 03:15 PM, slack,-
2026-04-17 06:29 PM, ebb,-120
2026-04-17 10:04 PM, slack,-
2026-04-18 12:14 AM, flood,108
2026-04-18 03:31 AM, slack,-
2026-04-18 06:55 AM, ebb,-141
2026-04-18 10:45 AM, slack,-
2026-04-18 12:47 PM, flood,102
2026-04-18 04:05 PM, slack,-
2026-04-18 07:18 PM, ebb,-120
2026-04-18 10:52 PM, slack,-
2026-04-19 01:02 AM, flood,108
2026-04-19 04:20 AM, slack,-
2026-04-19 07:45 AM, ebb,-139
2026-04-19 11:35 AM, slack,-
2026-04-19 01:37 PM, flood,100
2026-04-19 04:56 PM, slack,-
2026-04-19 08:09 PM, ebb,-117
2026-04-19 11:44 PM, slack,-
2026-04-20 01:52 AM, flood,104
2026-04-20 05:12 AM, slack,-
2026-04-20 08:37 AM, ebb,-134
2026-04-20 12:29 PM, slack,-
2026-04-20 02:30 PM, flood,94
2026-04-20 05:50 PM, slack,-
2026-04-20 09:03 PM, ebb,-111
2026-04-21 12:39 AM, slack,-
2026-04-21 02:46 AM, flood,96
2026-04-21 06:07 AM, slack,-
2026-04-21 09:32 AM, ebb,-125
2026-04-21 01:27 PM, slack,-
2026-04-21 03:29 PM, flood,86
2026-04-21 06:48 PM, slack,-
2026-04-21 10:01 PM, ebb,-104
2026-04-22 01:39 AM, slack,-
2026-04-22 03:46 AM, flood,87
2026-04-22 07:06 AM, slack,-
2026-04-22 10:31 AM, ebb,-115
2026-04-22 02:29 PM, slack,-
2026-04-22 04:34 PM, flood,79
2026-04-22 07:50 PM, slack,-
2026-04-22 11:03 PM, ebb,-97
2026-04-23 02:46 AM, slack,-
2026-04-23 04:53 AM, flood,79
2026-04-23 08:10 AM, slack,-
2026-04-23 11:36 AM, ebb,-105
2026-04-23 03:35 PM, slack,-
2026-04-23 05:45 PM, flood,75
2026-04-23 08:56 PM, slack,-
2026-04-24 12:11 AM, ebb,-94
2026-04-24 03:58 AM, slack,-
2026-04-24 06:07 AM, flood,74
2026-04-24 09:19 AM, slack,-
2026-04-24 12:46 PM, ebb,-99
2026-04-24 04:41 PM, slack,-
2026-04-24 06:55 PM, flood,75
2026-04-24 10:02 PM, slack,-
2026-04-25 01:22 AM, ebb,-94
2026-04-25 05:09 AM, slack,-
2026-04-25 07:21 AM, flood,73
2026-04-25 10:28 AM, slack,-
2026-04-25 01:57 PM, ebb,-97
2026-04-25 05:44 PM, slack,-
2026-04-25 08:01 PM, flood,78
2026-04-25 11:06 PM, slack,-
2026-04-26 02:31 AM, ebb,-100
2026-04-26 06:15 AM, slack,-
2026-04-26 08:29 AM, flood,75
2026-04-26 11:34 AM, slack,-
2026-04-26 03:02 PM, ebb,-98
2026-04-26 06:41 PM, slack,-
2026-04-26 08:59 PM, flood,83
2026-04-27 12:04 AM, slack,-
2026-04-27 03:32 AM, ebb,-108
2026-04-27 07:16 AM, slack,-
2026-04-27 09:31 AM, flood,79
2026-04-27 12:35 PM, slack,-
2026-04-27 03:59 PM, ebb,-100
2026-04-27 07:32 PM, slack,-
2026-04-27 09:52 PM, flood,87
2026-04-28 12:56 AM, slack,-
2026-04-28 04:24 AM, ebb,-115
2026-04-28 08:10 AM, slack,-
2026-04-28 10:25 AM, flood,83
2026-04-28 01:29 PM, slack,-
2026-04-28 04:49 PM, ebb,-101
2026-04-28 08:20 PM, slack,-
2026-04-28 10:39 PM, flood,90
2026-04-29 01:43 AM, slack,-
2026-04-29 05:11 AM, ebb,-119
2026-04-29 08:59 AM, slack,-
2026-04-29 11:13 AM, flood,86
2026-04-29 02:17 PM, slack,-
2026-04-29 05:33 PM, ebb,-100
2026-04-29 09:04 PM, slack,-
2026-04-29 11:22 PM, flood,91
2026-04-30 02:26 AM, slack,-
2026-04-30 05:54 AM, ebb,-121
2026-04-30 09:43 AM, slack,-
2026-04-30 11:56 AM, flood,87
2026-04-30 03:01 PM, slack,-
2026-04-30 06:15 PM, ebb,-99
2026-04-30 09:46 PM, slack,-
2026-05-01 12:01 AM, flood,90
2026-05-01 03:05 AM, slack,-
2026-05-01 06:33 AM, ebb,-120
2026-05-01 10:25 AM, slack,-
2026-05-01 12:34 PM, flood,85
2026-05-01 03:41 PM, slack,-
2026-05-01 06:53 PM, ebb,-97
2026-05-01 10:26 PM, slack,-
2026-05-02 12:36 AM, flood,87
2026-05-02 03:43 AM, slack,-
2026-05-02 07:10 AM, ebb,-116
2026-05-02 11:04 AM, slack,-
2026-05-02 01:10 PM, flood,82
2026-05-02 04:19 PM, slack,-
2026-05-02 07:30 PM, ebb,-94
2026-05-02 11:05 PM, slack,-
2026-05-03 01:10 AM, flood,83
2026-05-03 04:19 AM, slack,-
2026-05-03 07:47 AM, ebb,-112
2026-05-03 11:42 AM, slack,-
2026-05-03 01:44 PM, flood,79
2026-05-03 04:55 PM, slack,-
2026-05-03 08:07 PM, ebb,-91
2026-05-03 11:44 PM, slack,-
2026-05-04 01:44 AM, flood,79
2026-05-04 04:56 AM, slack,-
2026-05-04 08:23 AM, ebb,-106
2026-05-04 12:19 PM, slack,-
2026-05-04 02:18 PM, flood,75
2026-05-04 05:32 PM, slack,-
2026-05-04 08:45 PM, ebb,-89
2026-05-05 12:24 AM, slack,-
2026-05-05 02:20 AM, flood,74
2026-05-05 05:32 AM, slack,-
2026-05-05 09:00 AM, ebb,-101
2026-05-05 12:57 PM, slack,-
2026-05-05 02:54 PM, flood,71
2026-05-05 06:09 PM, slack,-
2026-05-05 09:24 PM, ebb,-86
2026-05-06 01:05 AM, slack,-
2026-05-06 02:59 AM, flood,70
2026-05-06 06:11 AM, slack,-
2026-05-06 09:39 AM, ebb,-96
2026-05-06 01:37 PM, slack,-
2026-05-06 03:34 PM, flood,68
2026-05-06 06:49 PM, slack,-
2026-05-06 10:05 PM, ebb,-85
2026-05-07 01:49 AM, slack,-
2026-05-07 03:42 AM, flood,67
2026-05-07 06:53 AM, slack,-
2026-05-07 10:20 AM, ebb,-92
2026-05-07 02:19 PM, slack,-
2026-05-07 04:17 PM, flood,67
2026-05-07 07:33 PM, slack,-
2026-05-07 10:50 PM, ebb,-84
2026-05-08 02:37 AM, slack,-
2026-05-08 04:29 AM, flood,64
2026-05-08 07:39 AM, slack,-
2026-05-08 11:06 AM, ebb,-89
2026-05-08 03:03 PM, slack,-
2026-05-08 05:04 PM, flood,67
2026-05-08 08:19 PM, slack,-
2026-05-08 11:38 PM, ebb,-85
2026-05-09 03:28 AM, slack,-
2026-05-09 05:19 AM, flood,63
2026-05-09 08:28 AM, slack,-
2026-05-09 11:55 AM, ebb,-87
2026-05-09 03:50 PM, slack,-
2026-05-09 05:53 PM, flood,68
2026-05-09 09:09 PM, slack,-
2026-05-10 12:30 AM, ebb,-89
2026-05-10 04:22 AM, slack,-
2026-05-10 06:12 AM, flood,64
2026-05-10 09:22 AM, slack,-
2026-05-10 12:48 PM, ebb,-88
2026-05-10 04:39 PM, slack,-
2026-05-10 06:43 PM, flood,72
2026-05-10 10:00 PM, slack,-
2026-05-11 01:24 AM, ebb,-95
2026-05-11 05:16 AM, slack,-
2026-05-11 07:07 AM, flood,67
2026-05-11 10:19 AM, slack,-
2026-05-11 01:43 PM, ebb,-90
2026-05-11 05:28 PM, slack,-
2026-05-11 07:34 PM, flood,78
2026-05-11 10:52 PM, slack,-
2026-05-12 02:18 AM, ebb,-104
2026-05-12 06:09 AM, slack,-
2026-05-12 08:02 AM, flood,73
2026-05-12 11:17 AM, slack,-
2026-05-12 02:38 PM, ebb,-95
2026-05-12 06:18 PM, slack,-
2026-05-12 08:25 PM, flood,85
2026-05-12 11:45 PM, slack,-
2026-05-13 03:11 AM, ebb,-114
2026-05-13 07:01 AM, slack,-
2026-05-13 08:57 AM, flood,80
2026-05-13 12:14 PM, slack,-
2026-05-13 03:31 PM, ebb,-102
2026-05-13 07:08 PM, slack,-
2026-05-13 09:17 PM, flood,92
2026-05-14 12:36 AM, slack,-
2026-05-14 04:02 AM, ebb,-124
2026-05-14 07:52 AM, slack,-
2026-05-14 09:52 AM, flood,87
2026-05-14 01:09 PM, slack,-
2026-05-14 04:23 PM, ebb,-108
2026-05-14 07:58 PM, slack,-
2026-05-14 10:09 PM, flood,98
2026-05-15 01:27 AM, slack,-
2026-05-15 04:52 AM, ebb,-133
2026-05-15 08:43 AM, slack,-
2026-05-15 10:45 AM, flood,94
2026-05-15 02:02 PM, slack,-
2026-05-15 05:15 PM, ebb,-113
2026-05-15 08:48 PM, slack,-
2026-05-15 11:00 PM, flood,104
2026-05-16 02:18 AM, slack,-
2026-05-16 05:43 AM, ebb,-138
2026-05-16 09:35 AM, slack,-
2026-05-16 11:38 AM, flood,98
2026-05-16 02:55 PM, slack,-
2026-05-16 06:07 PM, ebb,-117
2026-05-16 09:40 PM, slack,-
2026-05-16 11:51 PM, flood,107
2026-05-17 03:09 AM, slack,-
2026-05-17 06:34 AM, ebb,-141
2026-05-17 10:27 AM, slack,-
2026-05-17 12:31 PM, flood,100
2026-05-17 03:48 PM, slack,-
2026-05-17 06:59 PM, ebb,-118
2026-05-17 10:34 PM, slack,-
2026-05-18 12:43 AM, flood,107
2026-05-18 04:02 AM, slack,-
2026-05-18 07:27 AM, ebb,-139
2026-05-18 11:20 AM, slack,-
2026-05-18 01:24 PM, flood,99
2026-05-18 04:42 PM, slack,-
2026-05-18 07:54 PM, ebb,-116
2026-05-18 11:29 PM, slack,-
2026-05-19 01:37 AM, flood,103
2026-05-19 04:56 AM, slack,-
2026-05-19 08:21 AM, ebb,-134
2026-05-19 12:15 PM, slack,-
2026-05-19 02:20 PM, flood,96
2026-05-19 05:38 PM, slack,-
2026-05-19 08:50 PM, ebb,-113
2026-05-20 12:27 AM, slack,-
2026-05-20 02:34 AM, flood,96
2026-05-20 05:52 AM, slack,-
2026-05-20 09:18 AM, ebb,-126
2026-05-20 01:12 PM, slack,-
2026-05-20 03:19 PM, flood,91
2026-05-20 06:36 PM, slack,-
2026-05-20 09:48 PM, ebb,-108
2026-05-21 01:29 AM, slack,-
2026-05-21 03:35 AM, flood,88
2026-05-21 06:52 AM, slack,-
2026-05-21 10:17 AM, ebb,-116
2026-05-21 02:11 PM, slack,-
2026-05-21 04:22 PM, flood,86
2026-05-21 07:36 PM, slack,-
2026-05-21 10:50 PM, ebb,-103
2026-05-22 02:35 AM, slack,-
2026-05-22 04:42 AM, flood,80
2026-05-22 07:54 AM, slack,-
2026-05-22 11:19 AM, ebb,-107
2026-05-22 03:12 PM, slack,-
2026-05-22 05:27 PM, flood,82
2026-05-22 08:38 PM, slack,-
2026-05-22 11:55 PM, ebb,-100
2026-05-23 03:44 AM, slack,-
2026-05-23 05:52 AM, flood,74
2026-05-23 09:00 AM, slack,-
2026-05-23 12:24 PM, ebb,-98
2026-05-23 04:14 PM, slack,-
2026-05-23 06:31 PM, flood,81
2026-05-23 09:39 PM, slack,-
2026-05-24 01:03 AM, ebb,-100
2026-05-24 04:52 AM, slack,-
2026-05-24 07:02 AM, flood,71
2026-05-24 10:06 AM, slack,-
2026-05-24 01:32 PM, ebb,-93
2026-05-24 05:13 PM, slack,-
2026-05-24 07:32 PM, flood,81
2026-05-24 10:39 PM, slack,-
2026-05-25 02:09 AM, ebb,-103
2026-05-25 05:57 AM, slack,-
2026-05-25 08:08 AM, flood,72
2026-05-25 11:11 AM, slack,-
2026-05-25 02:37 PM, ebb,-91
2026-05-25 06:10 PM, slack,-
2026-05-25 08:29 PM, flood,81
2026-05-25 11:35 PM, slack,-
2026-05-26 03:08 AM, ebb,-108
2026-05-26 06:56 AM, slack,-
2026-05-26 09:08 AM, flood,74
2026-05-26 12:12 PM, slack,-
2026-05-26 03:34 PM, ebb,-90
2026-05-26 07:02 PM, slack,-
2026-05-26 09:22 PM, flood,82
2026-05-27 12:27 AM, slack,-
2026-05-27 04:01 AM, ebb,-111
2026-05-27 07:50 AM, slack,-
2026-05-27 10:03 AM, flood,76
2026-05-27 01:06 PM, slack,-
2026-05-27 04:25 PM, ebb,-90
2026-05-27 07:51 PM, slack,-
2026-05-27 10:10 PM, flood,82
2026-05-28 01:14 AM, slack,-
2026-05-28 04:48 AM, ebb,-114
2026-05-28 08:38 AM, slack,-
2026-05-28 10:51 AM, flood,78
2026-05-28 01:54 PM, slack,-
2026-05-28 05:10 PM, ebb,-90
2026-05-28 08:37 PM, slack,-
2026-05-28 10:54 PM, flood,82
2026-05-29 01:57 AM, slack,-
2026-05-29 05:30 AM, ebb,-114
2026-05-29 09:22 AM, slack,-
2026-05-29 11:34 AM, flood,80
2026-05-29 02:38 PM, slack,-
2026-05-29 05:51 PM, ebb,-90
2026-05-29 09:20 PM, slack,-
2026-05-29 11:34 PM, flood,82
2026-05-30 02:38 AM, slack,-
2026-05-30 06:08 AM, ebb,-113
2026-05-30 10:02 AM, slack,-
2026-05-30 12:12 PM, flood,80
2026-05-30 03:17 PM, slack,-
2026-05-30 06:28 PM, ebb,-90
2026-05-30 10:01 PM, slack,-
2026-05-31 12:10 AM, flood,81
2026-05-31 03:15 AM, slack,-
2026-05-31 06:45 AM, ebb,-111
2026-05-31 10:40 AM, slack,-
2026-05-31 12:47 PM, flood,79
2026-05-31 03:53 PM, slack,-
2026-05-31 07:05 PM, ebb,-90
2026-05-31 10:40 PM, slack,-
2026-06-01 12:44 AM, flood,80
2026-06-01 03:52 AM, slack,-
2026-06-01 07:20 AM, ebb,-108
2026-06-01 11:16 AM, slack,-
2026-06-01 01:20 PM, flood,78
2026-06-01 04:29 PM, slack,-
2026-06-01 07:41 PM, ebb,-91
2026-06-01 11:19 PM, slack,-
2026-06-02 01:18 AM, flood,78
2026-06-02 04:28 AM, slack,-
2026-06-02 07:55 AM, ebb,-106
2026-06-02 11:51 AM, slack,-
2026-06-02 01:53 PM, flood,78
2026-06-02 05:05 PM, slack,-
2026-06-02 08:17 PM, ebb,-92
2026-06-02 11:57 PM, slack,-
2026-06-03 01:54 AM, flood,77
2026-06-03 05:04 AM, slack,-
2026-06-03 08:31 AM, ebb,-104
2026-06-03 12:27 PM, slack,-
2026-06-03 02:27 PM, flood,77
2026-06-03 05:41 PM, slack,-
2026-06-03 08:55 PM, ebb,-93
2026-06-04 12:37 AM, slack,-
2026-06-04 02:31 AM, flood,75
2026-06-04 05:43 AM, slack,-
2026-06-04 09:09 AM, ebb,-102
2026-06-04 01:03 PM, slack,-
2026-06-04 03:04 PM, flood,77
2026-06-04 06:20 PM, slack,-
2026-06-04 09:36 PM, ebb,-94
2026-06-05 01:19 AM, slack,-
2026-06-05 03:12 AM, flood,73
2026-06-05 06:23 AM, slack,-
2026-06-05 09:49 AM, ebb,-100
2026-06-05 01:41 PM, slack,-
2026-06-05 03:44 PM, flood,77
2026-06-05 07:01 PM, slack,-
2026-06-05 10:19 PM, ebb,-95
2026-06-06 02:04 AM, slack,-
2026-06-06 03:57 AM, flood,71
2026-06-06 07:07 AM, slack,-
2026-06-06 10:32 AM, ebb,-97
2026-06-06 02:21 PM, slack,-
2026-06-06 04:27 PM, flood,78
2026-06-06 07:45 PM, slack,-
2026-06-06 11:05 PM, ebb,-97
2026-06-07 02:53 AM, slack,-
2026-06-07 04:45 AM, flood,70
2026-06-07 07:54 AM, slack,-
2026-06-07 11:19 AM, ebb,-95
2026-06-07 03:06 PM, slack,-
2026-06-07 05:13 PM, flood,79
2026-06-07 08:32 PM, slack,-
2026-06-07 11:54 PM, ebb,-100
2026-06-08 03:45 AM, slack,-
2026-06-08 05:37 AM, flood,69
2026-06-08 08:46 AM, slack,-
2026-06-08 12:10 PM, ebb,-93
2026-06-08 03:54 PM, slack,-
2026-06-08 06:03 PM, flood,81
2026-06-08 09:22 PM, slack,-
2026-06-09 12:47 AM, ebb,-104
2026-06-09 04:41 AM, slack,-
2026-06-09 06:31 AM, flood,70
2026-06-09 09:43 AM, slack,-
2026-06-09 01:05 PM, ebb,-92
2026-06-09 04:45 PM, slack,-
2026-06-09 06:54 PM, flood,83
2026-06-09 10:15 PM, slack,-
2026-06-10 01:43 AM, ebb,-109
2026-06-10 05:37 AM, slack,-
2026-06-10 07:28 AM, flood,72
2026-06-10 10:42 AM, slack,-
2026-06-10 02:03 PM, ebb,-94
2026-06-10 05:39 PM, slack,-
2026-06-10 07:48 PM, flood,87
2026-06-10 11:10 PM, slack,-
2026-06-11 02:39 AM, ebb,-116
2026-06-11 06:33 AM, slack,-
2026-06-11 08:26 AM, flood,77
2026-06-11 11:43 AM, slack,-
2026-06-11 03:01 PM, ebb,-98
2026-06-11 06:34 PM, slack,-
2026-06-11 08:44 PM, flood,91
2026-06-12 12:06 AM, slack,-
2026-06-12 03:35 AM, ebb,-123
2026-06-12 07:28 AM, slack,-
2026-06-12 09:26 AM, flood,82
2026-06-12 12:44 PM, slack,-
2026-06-12 03:58 PM, ebb,-103
2026-06-12 07:30 PM, slack,-
2026-06-12 09:41 PM, flood,96
2026-06-13 01:03 AM, slack,-
2026-06-13 04:29 AM, ebb,-130
2026-06-13 08:23 AM, slack,-
2026-06-13 10:25 AM, flood,88
2026-06-13 01:42 PM, slack,-
2026-06-13 04:54 PM, ebb,-109
2026-06-13 08:27 PM, slack,-
2026-06-13 10:39 PM, flood,100
2026-06-14 01:58 AM, slack,-
2026-06-14 05:24 AM, ebb,-135
2026-06-14 09:18 AM, slack,-
2026-06-14 11:23 AM, flood,94
2026-06-14 02:38 PM, slack,-
2026-06-14 05:49 PM, ebb,-114
2026-06-14 09:23 PM, slack,-
2026-06-14 11:35 PM, flood,104
2026-06-15 02:53 AM, slack,-
2026-06-15 06:18 AM, ebb,-137
2026-06-15 10:12 AM, slack,-
2026-06-15 12:19 PM, flood,98
2026-06-15 03:33 PM, slack,-
2026-06-15 06:44 PM, ebb,-116
2026-06-15 10:20 PM, slack,-
2026-06-16 12:30 AM, flood,105
2026-06-16 03:48 AM, slack,-
2026-06-16 07:12 AM, ebb,-137
2026-06-16 11:06 AM, slack,-
2026-06-16 01:13 PM, flood,100
2026-06-16 04:28 PM, slack,-
2026-06-16 07:40 PM, ebb,-118
2026-06-16 11:17 PM, slack,-
2026-06-17 01:25 AM, flood,102
2026-06-17 04:42 AM, slack,-
2026-06-17 08:07 AM, ebb,-133
2026-06-17 11:59 AM, slack,-
2026-06-17 02:08 PM, flood,100
2026-06-17 05:24 PM, slack,-
2026-06-17 08:36 PM, ebb,-117
2026-06-18 12:15 AM, slack,-
2026-06-18 02:22 AM, flood,97
2026-06-18 05:38 AM, slack,-
2026-06-18 09:02 AM, ebb,-127
2026-06-18 12:53 PM, slack,-
2026-06-18 03:04 PM, flood,97
2026-06-18 06:19 PM, slack,-
2026-06-18 09:33 PM, ebb,-114
2026-06-19 01:15 AM, slack,-
2026-06-19 03:21 AM, flood,90
2026-06-19 06:35 AM, slack,-
2026-06-19 09:58 AM, ebb,-118
2026-06-19 01:48 PM, slack,-
2026-06-19 04:01 PM, flood,93
2026-06-19 07:15 PM, slack,-
2026-06-19 10:31 PM, ebb,-110
2026-06-20 02:17 AM, slack,-
2026-06-20 04:23 AM, flood,81
2026-06-20 07:33 AM, slack,-
2026-06-20 10:56 AM, ebb,-107
2026-06-20 02:43 PM, slack,-
2026-06-20 04:59 PM, flood,88
2026-06-20 08:12 PM, slack,-
2026-06-20 11:31 PM, ebb,-106
2026-06-21 03:22 AM, slack,-
2026-06-21 05:28 AM, flood,74
2026-06-21 08:34 AM, slack,-
2026-06-21 11:56 AM, ebb,-96
2026-06-21 03:41 PM, slack,-
2026-06-21 05:58 PM, flood,83
2026-06-21 09:09 PM, slack,-
2026-06-22 12:34 AM, ebb,-103
2026-06-22 04:28 AM, slack,-
2026-06-22 06:34 AM, flood,68
2026-06-22 09:37 AM, slack,-
2026-06-22 12:59 PM, ebb,-88
2026-06-22 04:38 PM, slack,-
2026-06-22 06:56 PM, flood,79
2026-06-22 10:05 PM, slack,-
2026-06-23 01:37 AM, ebb,-102
2026-06-23 05:31 AM, slack,-
2026-06-23 07:38 AM, flood,66
2026-06-23 10:41 AM, slack,-
2026-06-23 02:03 PM, ebb,-82
2026-06-23 05:35 PM, slack,-
2026-06-23 07:52 PM, flood,75
2026-06-23 11:00 PM, slack,-
2026-06-24 02:37 AM, ebb,-102
2026-06-24 06:30 AM, slack,-
2026-06-24 08:39 AM, flood,66
2026-06-24 11:41 AM, slack,-
2026-06-24 03:03 PM, ebb,-80
2026-06-24 06:30 PM, slack,-
2026-06-24 08:47 PM, flood,73
2026-06-24 11:53 PM, slack,-
2026-06-25 03:32 AM, ebb,-103
2026-06-25 07:24 AM, slack,-
2026-06-25 09:34 AM, flood,67
2026-06-25 12:37 PM, slack,-
2026-06-25 03:56 PM, ebb,-80
2026-06-25 07:21 PM, slack,-
2026-06-25 09:38 PM, flood,73
2026-06-26 12:42 AM, slack,-
2026-06-26 04:20 AM, ebb,-104
2026-06-26 08:12 AM, slack,-
2026-06-26 10:24 AM, flood,70
2026-06-26 01:26 PM, slack,-
2026-06-26 04:42 PM, ebb,-82
2026-06-26 08:09 PM, slack,-
2026-06-26 10:24 PM, flood,73
2026-06-27 01:28 AM, slack,-
2026-06-27 05:03 AM, ebb,-105
2026-06-27 08:56 AM, slack,-
2026-06-27 11:07 AM, flood,72
2026-06-27 02:09 PM, slack,-
2026-06-27 05:24 PM, ebb,-84
2026-06-27 08:54 PM, slack,-
2026-06-27 11:06 PM, flood,75
2026-06-28 02:09 AM, slack,-
2026-06-28 05:42 AM, ebb,-105
2026-06-28 09:36 AM, slack,-
2026-06-28 11:46 AM, flood,75
2026-06-28 02:49 PM, slack,-
2026-06-28 06:01 PM, ebb,-87
2026-06-28 09:35 PM, slack,-
2026-06-28 11:44 PM, flood,77
2026-06-29 02:48 AM, slack,-
2026-06-29 06:18 AM, ebb,-106
2026-06-29 10:13 AM, slack,-
2026-06-29 12:21 PM, flood,77
2026-06-29 03:25 PM, slack,-
2026-06-29 06:37 PM, ebb,-90
2026-06-29 10:14 PM, slack,-
2026-06-30 12:19 AM, flood,79
2026-06-30 03:25 AM, slack,-
2026-06-30 06:52 AM, ebb,-107
2026-06-30 10:48 AM, slack,-
2026-06-30 12:54 PM, flood,80
2026-06-30 04:01 PM, slack,-
2026-06-30 07:13 PM, ebb,-94
2026-06-30 10:52 PM, slack,-
2026-07-01 12:53 AM, flood,80
2026-07-01 04:02 AM, slack,-
2026-07-01 07:27 AM, ebb,-108
2026-07-01 11:22 AM, slack,-
2026-07-01 01:26 PM, flood,82
2026-07-01 04:36 PM, slack,-
2026-07-01 07:49 PM, ebb,-98
2026-07-01 11:30 PM, slack,-
2026-07-02 01:28 AM, flood,81
2026-07-02 04:38 AM, slack,-
2026-07-02 08:03 AM, ebb,-108
2026-07-02 11:56 AM, slack,-
2026-07-02 01:59 PM, flood,84
2026-07-02 05:12 PM, slack,-
2026-07-02 08:27 PM, ebb,-102
2026-07-03 12:09 AM, slack,-
2026-07-03 02:05 AM, flood,82
2026-07-03 05:16 AM, slack,-
2026-07-03 08:40 AM, ebb,-108
2026-07-03 12:30 PM, slack,-
2026-07-03 02:34 PM, flood,86
2026-07-03 05:50 PM, slack,-
2026-07-03 09:07 PM, ebb,-105
2026-07-04 12:50 AM, slack,-
2026-07-04 02:45 AM, flood,81
2026-07-04 05:56 AM, slack,-
2026-07-04 09:20 AM, ebb,-107
2026-07-04 01:06 PM, slack,-
2026-07-04 03:12 PM, flood,87
2026-07-04 06:30 PM, slack,-
2026-07-04 09:49 PM, ebb,-107
2026-07-05 01:33 AM, slack,-
2026-07-05 03:28 AM, flood,79
2026-07-05 06:39 AM, slack,-
2026-07-05 10:02 AM, ebb,-104
2026-07-05 01:45 PM, slack,-
2026-07-05 03:53 PM, flood,87
2026-07-05 07:12 PM, slack,-
2026-07-05 10:34 PM, ebb,-109
2026-07-06 02:21 AM, slack,-
2026-07-06 04:15 AM, flood,76
2026-07-06 07:26 AM, slack,-
2026-07-06 10:48 AM, ebb,-101
2026-07-06 02:28 PM, slack,-
2026-07-06 04:39 PM, flood,87
2026-07-06 07:58 PM, slack,-
2026-07-06 11:22 PM, ebb,-109
2026-07-07 03:13 AM, slack,-
2026-07-07 05:06 AM, flood,73
2026-07-07 08:17 AM, slack,-
2026-07-07 11:39 AM, ebb,-96
2026-07-07 03:17 PM, slack,-
2026-07-07 05:28 PM, flood,86
2026-07-07 08:49 PM, slack,-
2026-07-08 12:15 AM, ebb,-109
2026-07-08 04:10 AM, slack,-
2026-07-08 06:00 AM, flood,71
2026-07-08 09:13 AM, slack,-
2026-07-08 12:34 PM, ebb,-93
2026-07-08 04:11 PM, slack,-
2026-07-08 06:22 PM, flood,85
2026-07-08 09:43 PM, slack,-
2026-07-09 01:12 AM, ebb,-110
2026-07-09 05:09 AM, slack,-
2026-07-09 06:59 AM, flood,70
2026-07-09 10:15 AM, slack,-
2026-07-09 01:35 PM, ebb,-92
2026-07-09 05:10 PM, slack,-
2026-07-09 07:19 PM, flood,85
2026-07-09 10:43 PM, slack,-
2026-07-10 02:13 AM, ebb,-113
2026-07-10 06:10 AM, slack,-
2026-07-10 08:02 AM, flood,72
2026-07-10 11:20 AM, slack,-
2026-07-10 02:37 PM, ebb,-94
2026-07-10 06:11 PM, slack,-
2026-07-10 08:20 PM, flood,87
2026-07-10 11:44 PM, slack,-
2026-07-11 03:13 AM, ebb,-117
2026-07-11 07:10 AM, slack,-
2026-07-11 09:08 AM, flood,76
2026-07-11 12:24 PM, slack,-
2026-07-11 03:39 PM, ebb,-99
2026-07-11 07:12 PM, slack,-
2026-07-11 09:23 PM, flood,91
2026-07-12 12:45 AM, slack,-
2026-07-12 04:13 AM, ebb,-123
2026-07-12 08:09 AM, slack,-
2026-07-12 10:13 AM, flood,82
2026-07-12 01:26 PM, slack,-
2026-07-12 04:38 PM, ebb,-105
2026-07-12 08:13 PM, slack,-
2026-07-12 10:26 PM, flood,96
2026-07-13 01:45 AM, slack,-
2026-07-13 05:10 AM, ebb,-128
2026-07-13 09:05 AM, slack,-
2026-07-13 11:14 AM, flood,90
2026-07-13 02:25 PM, slack,-
2026-07-13 05:36 PM, ebb,-112
2026-07-13 09:12 PM, slack,-
2026-07-13 11:25 PM, flood,100
2026-07-14 02:41 AM, slack,-
2026-07-14 06:05 AM, ebb,-132
2026-07-14 09:59 AM, slack,-
2026-07-14 12:09 PM, flood,98
2026-07-14 03:20 PM, slack,-
2026-07-14 06:32 PM, ebb,-118
2026-07-14 10:09 PM, slack,-
2026-07-15 12:21 AM, flood,103
2026-07-15 03:36 AM, slack,-
2026-07-15 06:59 AM, ebb,-133
2026-07-15 10:50 AM, slack,-
2026-07-15 01:02 PM, flood,102
2026-07-15 04:14 PM, slack,-
2026-07-15 07:26 PM, ebb,-121
2026-07-15 11:05 PM, slack,-
2026-07-16 01:15 AM, flood,102
2026-07-16 04:29 AM, slack,-
2026-07-16 07:52 AM, ebb,-131
2026-07-16 11:40 AM, slack,-
2026-07-16 01:52 PM, flood,104
2026-07-16 05:06 PM, slack,-
2026-07-16 08:20 PM, ebb,-122
2026-07-17 12:01 AM, slack,-
2026-07-17 02:08 AM, flood,98
2026-07-17 05:21 AM, slack,-
2026-07-17 08:44 AM, ebb,-125
2026-07-17 12:30 PM, slack,-
2026-07-17 02:42 PM, flood,102
2026-07-17 05:57 PM, slack,-
2026-07-17 09:13 PM, ebb,-120
2026-07-18 12:57 AM, slack,-
2026-07-18 03:02 AM, flood,91
2026-07-18 06:15 AM, slack,-
2026-07-18 09:36 AM, ebb,-116
2026-07-18 01:20 PM, slack,-
2026-07-18 03:33 PM, flood,96
2026-07-18 06:48 PM, slack,-
2026-07-18 10:07 PM, ebb,-116
2026-07-19 01:55 AM, slack,-
2026-07-19 03:58 AM, flood,82
2026-07-19 07:09 AM, slack,-
2026-07-19 10:28 AM, ebb,-105
2026-07-19 02:11 PM, slack,-
2026-07-19 04:25 PM, flood,89
2026-07-19 07:40 PM, slack,-
2026-07-19 11:01 PM, ebb,-109
2026-07-20 02:54 AM, slack,-
2026-07-20 04:57 AM, flood,73
2026-07-20 08:05 AM, slack,-
2026-07-20 11:23 AM, ebb,-93
2026-07-20 03:05 PM, slack,-
2026-07-20 05:19 PM, flood,81
2026-07-20 08:32 PM, slack,-
2026-07-20 11:58 PM, ebb,-102
2026-07-21 03:55 AM, slack,-
2026-07-21 05:58 AM, flood,65
2026-07-21 09:03 AM, slack,-
2026-07-21 12:22 PM, ebb,-82
2026-07-21 04:01 PM, slack,-
2026-07-21 06:14 PM, flood,73
2026-07-21 09:25 PM, slack,-
2026-07-22 12:57 AM, ebb,-96
2026-07-22 04:57 AM, slack,-
2026-07-22 07:00 AM, flood,60
2026-07-22 10:03 AM, slack,-
2026-07-22 01:23 PM, ebb,-75
2026-07-22 04:59 PM, slack,-
2026-07-22 07:11 PM, flood,67
2026-07-22 10:20 PM, slack,-
2026-07-23 01:58 AM, ebb,-92
2026-07-23 05:56 AM, slack,-
2026-07-23 08:01 AM, flood,58
2026-07-23 11:03 AM, slack,-
2026-07-23 02:25 PM, ebb,-72
2026-07-23 05:55 PM, slack,-
2026-07-23 08:07 PM, flood,64
2026-07-23 11:14 PM, slack,-
2026-07-24 02:56 AM, ebb,-91
2026-07-24 06:51 AM, slack,-
2026-07-24 08:58 AM, flood,59
2026-07-24 12:00 PM, slack,-
2026-07-24 03:21 PM, ebb,-73
2026-07-24 06:49 PM, slack,-
2026-07-24 09:01 PM, flood,64
2026-07-25 12:06 AM, slack,-
2026-07-25 03:47 AM, ebb,-92
2026-07-25 07:40 AM, slack,-
2026-07-25 09:50 AM, flood,62
2026-07-25 12:50 PM, slack,-
2026-07-25 04:09 PM, ebb,-76
2026-07-25 07:39 PM, slack,-
2026-07-25 09:50 PM, flood,66
2026-07-26 12:55 AM, slack,-
2026-07-26 04:32 AM, ebb,-95
2026-07-26 08:24 AM, slack,-
2026-07-26 10:34 AM, flood,66
2026-07-26 01:35 PM, slack,-
2026-07-26 04:51 PM, ebb,-81
2026-07-26 08:24 PM, slack,-
2026-07-26 10:34 PM, flood,70
2026-07-27 01:38 AM, slack,-
2026-07-27 05:11 AM, ebb,-98
2026-07-27 09:04 AM, slack,-
2026-07-27 11:14 AM, flood,72
2026-07-27 02:15 PM, slack,-
2026-07-27 05:29 PM, ebb,-88
2026-07-27 09:06 PM, slack,-
2026-07-27 11:13 PM, flood,75
2026-07-28 02:19 AM, slack,-
2026-07-28 05:47 AM, ebb,-102
2026-07-28 09:41 AM, slack,-
2026-07-28 11:49 AM, flood,77
2026-07-28 02:53 PM, slack,-
2026-07-28 06:05 PM, ebb,-94
2026-07-28 09:45 PM, slack,-
2026-07-28 11:50 PM, flood,80
2026-07-29 02:57 AM, slack,-
2026-07-29 06:22 AM, ebb,-106
2026-07-29 10:16 AM, slack,-
2026-07-29 12:22 PM, flood,83
2026-07-29 03:29 PM, slack,-
2026-07-29 06:42 PM, ebb,-101
2026-07-29 10:24 PM, slack,-
2026-07-30 12:26 AM, flood,84
2026-07-30 03:35 AM, slack,-
2026-07-30 06:57 AM, ebb,-110
2026-07-30 10:49 AM, slack,-
2026-07-30 12:54 PM, flood,88
2026-07-30 04:05 PM, slack,-
2026-07-30 07:19 PM, ebb,-108
2026-07-30 11:02 PM, slack,-
2026-07-31 01:01 AM, flood,87
2026-07-31 04:13 AM, slack,-
2026-07-31 07:34 AM, ebb,-112
2026-07-31 11:23 AM, slack,-
2026-07-31 01:28 PM, flood,92
2026-07-31 04:41 PM, slack,-
2026-07-31 07:58 PM, ebb,-113
2026-07-31 11:41 PM, slack,-
2026-08-01 01:39 AM, flood,89
2026-08-01 04:51 AM, slack,-
2026-08-01 08:12 AM, ebb,-113
2026-08-01 11:57 AM, slack,-
2026-08-01 02:03 PM, flood,94
2026-08-01 05:19 PM, slack,-
2026-08-01 08:38 PM, ebb,-117
2026-08-02 12:22 AM, slack,-
2026-08-02 02:19 AM, flood,88
2026-08-02 05:32 AM, slack,-
2026-08-02 08:52 AM, ebb,-112
2026-08-02 12:33 PM, slack,-
2026-08-02 02:41 PM, flood,95
2026-08-02 05:59 PM, slack,-
2026-08-02 09:20 PM, ebb,-119
2026-08-03 01:05 AM, slack,-
2026-08-03 03:01 AM, flood,86
2026-08-03 06:15 AM, slack,-
2026-08-03 09:35 AM, ebb,-109
2026-08-03 01:13 PM, slack,-
2026-08-03 03:23 PM, flood,94
2026-08-03 06:42 PM, slack,-
2026-08-03 10:05 PM, ebb,-118
2026-08-04 01:53 AM, slack,-
2026-08-04 03:48 AM, flood,81
2026-08-04 07:02 AM, slack,-
2026-08-04 10:22 AM, ebb,-104
2026-08-04 01:58 PM, slack,-
2026-08-04 04:09 PM, flood,91
2026-08-04 07:29 PM, slack,-
2026-08-04 10:54 PM, ebb,-115
2026-08-05 02:46 AM, slack,-
2026-08-05 04:39 AM, flood,76
2026-08-05 07:53 AM, slack,-
2026-08-05 11:13 AM, ebb,-98
2026-08-05 02:49 PM, slack,-
2026-08-05 05:00 PM, flood,87
2026-08-05 08:21 PM, slack,-
2026-08-05 11:48 PM, ebb,-111
2026-08-06 03:44 AM, slack,-
2026-08-06 05:36 AM, flood,71
2026-08-06 08:51 AM, slack,-
2026-08-06 12:11 PM, ebb,-92
2026-08-06 03:47 PM, slack,-
2026-08-06 05:57 PM, flood,83
2026-08-06 09:20 PM, slack,-
2026-08-07 12:49 AM, ebb,-107
2026-08-07 04:48 AM, slack,-
2026-08-07 06:39 AM, flood,67
2026-08-07 09:55 AM, slack,-
2026-08-07 01:14 PM, ebb,-89
2026-08-07 04:51 PM, slack,-
2026-08-07 06:59 PM, flood,81
2026-08-07 10:23 PM, slack,-
2026-08-08 01:53 AM, ebb,-107
2026-08-08 05:54 AM, slack,-
2026-08-08 07:48 AM, flood,67
2026-08-08 11:04 AM, slack,-
2026-08-08 02:21 PM, ebb,-90
2026-08-08 05:58 PM, slack,-
2026-08-08 08:06 PM, flood,82
2026-08-08 11:30 PM, slack,-
2026-08-09 02:59 AM, ebb,-110
2026-08-09 06:57 AM, slack,-
2026-08-09 08:59 AM, flood,72
2026-08-09 12:12 PM, slack,-
2026-08-09 03:27 PM, ebb,-96
2026-08-09 07:03 PM, slack,-
2026-08-09 09:15 PM, flood,85
2026-08-10 12:35 AM, slack,-
2026-08-10 04:01 AM, ebb,-116
2026-08-10 07:57 AM, slack,-
2026-08-10 10:06 AM, flood,80
2026-08-10 01:15 PM, slack,-
2026-08-10 04:28 PM, ebb,-105
2026-08-10 08:05 PM, slack,-
2026-08-10 10:20 PM, flood,91
2026-08-11 01:35 AM, slack,-
2026-08-11 04:59 AM, ebb,-122
2026-08-11 08:52 AM, slack,-
2026-08-11 11:05 AM, flood,90
2026-08-11 02:12 PM, slack,-
2026-08-11 05:25 PM, ebb,-114
2026-08-11 09:04 PM, slack,-
2026-08-11 11:19 PM, flood,97
2026-08-12 02:31 AM, slack,-
2026-08-12 05:53 AM, ebb,-127
2026-08-12 09:43 AM, slack,-
2026-08-12 11:57 AM, flood,99
2026-08-12 03:05 PM, slack,-
2026-08-12 06:19 PM, ebb,-121
2026-08-12 10:00 PM, slack,-
2026-08-13 12:13 AM, flood,101
2026-08-13 03:24 AM, slack,-
2026-08-13 06:45 AM, ebb,-128
2026-08-13 10:31 AM, slack,-
2026-08-13 12:46 PM, flood,104
2026-08-13 03:55 PM, slack,-
2026-08-13 07:11 PM, ebb,-126
2026-08-13 10:53 PM, slack,-
2026-08-14 01:03 AM, flood,101
2026-08-14 04:14 AM, slack,-
2026-08-14 07:35 AM, ebb,-126
2026-08-14 11:18 AM, slack,-
2026-08-14 01:32 PM, flood,106
2026-08-14 04:43 PM, slack,-
2026-08-14 08:01 PM, ebb,-127
2026-08-14 11:45 PM, slack,-
2026-08-15 01:52 AM, flood,97
2026-08-15 05:03 AM, slack,-
2026-08-15 08:23 AM, ebb,-120
2026-08-15 12:04 PM, slack,-
2026-08-15 02:16 PM, flood,102
2026-08-15 05:30 PM, slack,-
2026-08-15 08:50 PM, ebb,-124
2026-08-16 12:37 AM, slack,-
2026-08-16 02:41 AM, flood,90
2026-08-16 05:52 AM, slack,-
2026-08-16 09:11 AM, ebb,-111
2026-08-16 12:51 PM, slack,-
2026-08-16 03:02 PM, flood,96
2026-08-16 06:17 PM, slack,-
2026-08-16 09:38 PM, ebb,-118
2026-08-17 01:29 AM, slack,-
2026-08-17 03:31 AM, flood,81
2026-08-17 06:42 AM, slack,-
2026-08-17 09:59 AM, ebb,-100
2026-08-17 01:39 PM, slack,-
2026-08-17 03:48 PM, flood,86
2026-08-17 07:04 PM, slack,-
2026-08-17 10:27 PM, ebb,-109
2026-08-18 02:22 AM, slack,-
2026-08-18 04:23 AM, flood,71
2026-08-18 07:33 AM, slack,-
2026-08-18 10:49 AM, ebb,-89
2026-08-18 02:29 PM, slack,-
2026-08-18 04:37 PM, flood,76
2026-08-18 07:52 PM, slack,-
2026-08-18 11:18 PM, ebb,-99
2026-08-19 03:18 AM, slack,-
2026-08-19 05:18 AM, flood,62
2026-08-19 08:26 AM, slack,-
2026-08-19 11:42 AM, ebb,-78
2026-08-19 03:23 PM, slack,-
2026-08-19 05:29 PM, flood,67
2026-08-19 08:42 PM, slack,-
2026-08-20 12:13 AM, ebb,-90
2026-08-20 04:16 AM, slack,-
2026-08-20 06:16 AM, flood,56
2026-08-20 09:21 AM, slack,-
2026-08-20 12:39 PM, ebb,-71
2026-08-20 04:21 PM, slack,-
2026-08-20 06:24 PM, flood,60
2026-08-20 09:35 PM, slack,-
2026-08-21 01:11 AM, ebb,-84
2026-08-21 05:14 AM, slack,-
2026-08-21 07:16 AM, flood,52
2026-08-21 10:18 AM, slack,-
2026-08-21 01:39 PM, ebb,-68
2026-08-21 05:18 PM, slack,-
2026-08-21 07:21 PM, flood,57
2026-08-21 10:30 PM, slack,-
2026-08-22 02:10 AM, ebb,-81
2026-08-22 06:09 AM, slack,-
2026-08-22 08:13 AM, flood,53
2026-08-22 11:15 AM, slack,-
2026-08-22 02:37 PM, ebb,-69
2026-08-22 06:13 PM, slack,-
2026-08-22 08:17 PM, flood,57
2026-08-22 11:25 PM, slack,-
2026-08-23 03:04 AM, ebb,-83
2026-08-23 06:59 AM, slack,-
2026-08-23 09:06 AM, flood,57
2026-08-23 12:07 PM, slack,-
2026-08-23 03:28 PM, ebb,-74
2026-08-23 07:04 PM, slack,-
2026-08-23 09:09 PM, flood,61
2026-08-24 12:16 AM, slack,-
2026-08-24 03:51 AM, ebb,-87
2026-08-24 07:44 AM, slack,-
2026-08-24 09:52 AM, flood,63
2026-08-24 12:53 PM, slack,-
2026-08-24 04:12 PM, ebb,-82
2026-08-24 07:50 PM, slack,-
2026-08-24 09:56 PM, flood,67
2026-08-25 01:03 AM, slack,-
2026-08-25 04:32 AM, ebb,-93
2026-08-25 08:25 AM, slack,-
2026-08-25 10:33 AM, flood,70
2026-08-25 01:36 PM, slack,-
2026-08-25 04:52 PM, ebb,-91
2026-08-25 08:33 PM, slack,-
2026-08-25 10:38 PM, flood,74
2026-08-26 01:46 AM, slack,-
2026-08-26 05:10 AM, ebb,-100
2026-08-26 09:02 AM, slack,-
2026-08-26 11:10 AM, flood,78
2026-08-26 02:15 PM, slack,-
2026-08-26 05:30 PM, ebb,-100
2026-08-26 09:13 PM, slack,-
2026-08-26 11:17 PM, flood,82
2026-08-27 02:26 AM, slack,-
2026-08-27 05:47 AM, ebb,-106
2026-08-27 09:37 AM, slack,-
2026-08-27 11:45 AM, flood,86
2026-08-27 02:53 PM, slack,-
2026-08-27 06:08 PM, ebb,-110
2026-08-27 09:53 PM, slack,-
2026-08-27 11:55 PM, flood,88
2026-08-28 03:06 AM, slack,-
2026-08-28 06:25 AM, ebb,-112
2026-08-28 10:12 AM, slack,-
2026-08-28 12:19 PM, flood,93
2026-08-28 03:30 PM, slack,-
2026-08-28 06:47 PM, ebb,-118
2026-08-28 10:33 PM, slack,-
2026-08-29 12:33 AM, flood,93
2026-08-29 03:46 AM, slack,-
2026-08-29 07:04 AM, ebb,-115
2026-08-29 10:48 AM, slack,-
2026-08-29 12:54 PM, flood,98
2026-08-29 04:08 PM, slack,-
2026-08-29 07:27 PM, ebb,-124
2026-08-29 11:13 PM, slack,-
2026-08-30 01:13 AM, flood,95
2026-08-30 04:27 AM, slack,-
2026-08-30 07:44 AM, ebb,-116
2026-08-30 11:24 AM, slack,-
2026-08-30 01:32 PM, flood,101
2026-08-30 04:48 PM, slack,-
2026-08-30 08:09 PM, ebb,-127
2026-08-30 11:55 PM, slack,-
2026-08-31 01:54 AM, flood,94
2026-08-31 05:09 AM, slack,-
2026-08-31 08:27 AM, ebb,-115
2026-08-31 12:03 PM, slack,-
2026-08-31 02:12 PM, flood,100
2026-08-31 05:30 PM, slack,-
2026-08-31 08:53 PM, ebb,-127
2026-09-01 12:40 AM, slack,-
2026-09-01 02:38 AM, flood,91
2026-09-01 05:54 AM, slack,-
2026-09-01 09:12 AM, ebb,-111
2026-09-01 12:46 PM, slack,-
2026-09-01 02:56 PM, flood,97
2026-09-01 06:15 PM, slack,-
2026-09-01 09:40 PM, ebb,-124
2026-09-02 01:29 AM, slack,-
2026-09-02 03:26 AM, flood,84
2026-09-02 06:43 AM, slack,-
2026-09-02 10:01 AM, ebb,-105
2026-09-02 01:35 PM, slack,-
2026-09-02 03:44 PM, flood,92
2026-09-02 07:05 PM, slack,-
2026-09-02 10:31 PM, ebb,-117
2026-09-03 02:24 AM, slack,-
2026-09-03 04:19 AM, flood,77
2026-09-03 07:36 AM, slack,-
2026-09-03 10:54 AM, ebb,-98
2026-09-03 02:30 PM, slack,-
2026-09-03 04:39 PM, flood,85
2026-09-03 08:01 PM, slack,-
2026-09-03 11:28 PM, ebb,-110
2026-09-04 03:26 AM, slack,-
2026-09-04 05:20 AM, flood,70
2026-09-04 08:37 AM, slack,-
2026-09-04 11:55 AM, ebb,-91
2026-09-04 03:33 PM, slack,-
2026-09-04 05:41 PM, flood,79
2026-09-04 09:04 PM, slack,-
2026-09-05 12:31 AM, ebb,-104
2026-09-05 04:33 AM, slack,-
2026-09-05 06:29 AM, flood,66
2026-09-05 09:44 AM, slack,-
2026-09-05 01:01 PM, ebb,-88
2026-09-05 04:42 PM, slack,-
2026-09-05 06:49 PM, flood,76
2026-09-05 10:11 PM, slack,-
2026-09-06 01:40 AM, ebb,-101
2026-09-06 05:41 AM, slack,-
2026-09-06 07:43 AM, flood,67
2026-09-06 10:54 AM, slack,-
2026-09-06 02:11 PM, ebb,-90
2026-09-06 05:52 PM, slack,-
2026-09-06 08:02 PM, flood,77
2026-09-06 11:21 PM, slack,-
2026-09-07 02:49 AM, ebb,-104
2026-09-07 06:45 AM, slack,-
2026-09-07 08:54 AM, flood,73
2026-09-07 12:01 PM, slack,-
2026-09-07 03:18 PM, ebb,-98
2026-09-07 06:58 PM, slack,-
2026-09-07 09:12 PM, flood,82
2026-09-08 12:26 AM, slack,-
2026-09-08 03:52 AM, ebb,-110
2026-09-08 07:43 AM, slack,-
2026-09-08 09:57 AM, flood,83
2026-09-08 01:03 PM, slack,-
2026-09-08 04:19 PM, ebb,-108
2026-09-08 08:00 PM, slack,-
2026-09-08 10:16 PM, flood,88
2026-09-09 01:26 AM, slack,-
2026-09-09 04:49 AM, ebb,-116
2026-09-09 08:35 AM, slack,-
2026-09-09 10:52 AM, flood,92
2026-09-09 01:57 PM, slack,-
2026-09-09 05:14 PM, ebb,-117
2026-09-09 08:56 PM, slack,-
2026-09-09 11:12 PM, flood,94
2026-09-10 02:20 AM, slack,-
2026-09-10 05:41 AM, ebb,-120
2026-09-10 09:24 AM, slack,-
2026-09-10 11:41 AM, flood,100
2026-09-10 02:47 PM, slack,-
2026-09-10 06:05 PM, ebb,-125
2026-09-10 09:49 PM, slack,-
2026-09-11 12:03 AM, flood,98
2026-09-11 03:11 AM, slack,-
2026-09-11 06:29 AM, ebb,-120
2026-09-11 10:10 AM, slack,-
2026-09-11 12:26 PM, flood,104
2026-09-11 03:34 PM, slack,-
2026-09-11 06:54 PM, ebb,-128
2026-09-11 10:39 PM, slack,-
2026-09-12 12:50 AM, flood,98
2026-09-12 03:59 AM, slack,-
2026-09-12 07:15 AM, ebb,-118
2026-09-12 10:54 AM, slack,-
2026-09-12 01:08 PM, flood,103
2026-09-12 04:18 PM, slack,-
2026-09-12 07:40 PM, ebb,-128
2026-09-12 11:27 PM, slack,-
2026-09-13 01:34 AM, flood,94
2026-09-13 04:45 AM, slack,-
2026-09-13 08:01 AM, ebb,-112
2026-09-13 11:38 AM, slack,-
2026-09-13 01:49 PM, flood,99
2026-09-13 05:02 PM, slack,-
2026-09-13 08:24 PM, ebb,-124
2026-09-14 12:14 AM, slack,-
2026-09-14 02:18 AM, flood,88
2026-09-14 05:30 AM, slack,-
2026-09-14 08:45 AM, ebb,-104
2026-09-14 12:22 PM, slack,-
2026-09-14 02:30 PM, flood,91
2026-09-14 05:44 PM, slack,-
2026-09-14 09:09 PM, ebb,-116
2026-09-15 01:01 AM, slack,-
2026-09-15 03:02 AM, flood,79
2026-09-15 06:15 AM, slack,-
2026-09-15 09:30 AM, ebb,-95
2026-09-15 01:08 PM, slack,-
2026-09-15 03:12 PM, flood,82
2026-09-15 06:27 PM, slack,-
2026-09-15 09:53 PM, ebb,-106
2026-09-16 01:49 AM, slack,-
2026-09-16 03:48 AM, flood,70
2026-09-16 07:00 AM, slack,-
2026-09-16 10:15 AM, ebb,-86
2026-09-16 01:56 PM, slack,-
2026-09-16 03:57 PM, flood,72
2026-09-16 07:12 PM, slack,-
2026-09-16 10:39 PM, ebb,-96
2026-09-17 02:39 AM, slack,-
2026-09-17 04:37 AM, flood,62
2026-09-17 07:48 AM, slack,-
2026-09-17 11:03 AM, ebb,-78
2026-09-17 02:47 PM, slack,-
2026-09-17 04:45 PM, flood,63
2026-09-17 07:59 PM, slack,-
2026-09-17 11:28 PM, ebb,-86
2026-09-18 03:32 AM, slack,-
2026-09-18 05:29 AM, flood,55
2026-09-18 08:38 AM, slack,-
2026-09-18 11:55 AM, ebb,-71
2026-09-18 03:42 PM, slack,-
2026-09-18 05:38 PM, flood,57
2026-09-18 08:49 PM, slack,-
2026-09-19 12:20 AM, ebb,-80
2026-09-19 04:27 AM, slack,-
2026-09-19 06:24 AM, flood,52
2026-09-19 09:31 AM, slack,-
2026-09-19 12:51 PM, ebb,-69
2026-09-19 04:38 PM, slack,-
2026-09-19 06:33 PM, flood,54
2026-09-19 09:43 PM, slack,-
2026-09-20 01:16 AM, ebb,-77
2026-09-20 05:20 AM, slack,-
2026-09-20 07:20 AM, flood,52
2026-09-20 10:25 AM, slack,-
2026-09-20 01:47 PM, ebb,-70
2026-09-20 05:33 PM, slack,-
2026-09-20 07:28 PM, flood,55
2026-09-20 10:38 PM, slack,-
2026-09-21 02:11 AM, ebb,-78
2026-09-21 06:10 AM, slack,-
2026-09-21 08:12 AM, flood,56
2026-09-21 11:18 AM, slack,-
2026-09-21 02:40 PM, ebb,-76
2026-09-21 06:25 PM, slack,-
2026-09-21 08:21 PM, flood,59
2026-09-21 11:31 PM, slack,-
2026-09-22 03:02 AM, ebb,-83
2026-09-22 06:56 AM, slack,-
2026-09-22 09:00 AM, flood,63
2026-09-22 12:06 PM, slack,-
2026-09-22 03:27 PM, ebb,-86
2026-09-22 07:12 PM, slack,-
2026-09-22 09:11 PM, flood,66
2026-09-23 12:21 AM, slack,-
2026-09-23 03:47 AM, ebb,-90
2026-09-23 07:38 AM, slack,-
2026-09-23 09:44 AM, flood,72
2026-09-23 12:51 PM, slack,-
2026-09-23 04:11 PM, ebb,-96
2026-09-23 07:57 PM, slack,-
2026-09-23 09:58 PM, flood,74
2026-09-24 01:08 AM, slack,-
2026-09-24 04:29 AM, ebb,-98
2026-09-24 08:17 AM, slack,-
2026-09-24 10:24 AM, flood,81
2026-09-24 01:34 PM, slack,-
2026-09-24 04:52 PM, ebb,-108
2026-09-24 08:39 PM, slack,-
2026-09-24 10:41 PM, flood,83
2026-09-25 01:53 AM, slack,-
2026-09-25 05:10 AM, ebb,-105
2026-09-25 08:55 AM, slack,-
2026-09-25 11:03 AM, flood,90
2026-09-25 02:14 PM, slack,-
2026-09-25 05:33 PM, ebb,-118
2026-09-25 09:21 PM, slack,-
2026-09-25 11:23 PM, flood,90
2026-09-26 02:36 AM, slack,-
2026-09-26 05:51 AM, ebb,-112
2026-09-26 09:34 AM, slack,-
2026-09-26 11:42 AM, flood,97
2026-09-26 02:55 PM, slack,-
2026-09-26 06:15 PM, ebb,-127
2026-09-26 10:03 PM, slack,-
2026-09-27 12:05 AM, flood,96
2026-09-27 03:19 AM, slack,-
2026-09-27 06:34 AM, ebb,-116
2026-09-27 10:13 AM, slack,-
2026-09-27 12:21 PM, flood,102
2026-09-27 03:36 PM, slack,-
2026-09-27 06:58 PM, ebb,-133
2026-09-27 10:46 PM, slack,-
2026-09-28 12:47 AM, flood,99
2026-09-28 04:03 AM, slack,-
2026-09-28 07:17 AM, ebb,-117
2026-09-28 10:54 AM, slack,-
2026-09-28 01:02 PM, flood,104
2026-09-28 04:19 PM, slack,-
2026-09-28 07:42 PM, ebb,-135
2026-09-28 11:31 PM, slack,-
2026-09-29 01:31 AM, flood,98
2026-09-29 04:48 AM, slack,-
2026-09-29 08:03 AM, ebb,-116
2026-09-29 11:38 AM, slack,-
2026-09-29 01:46 PM, flood,103
2026-09-29 05:04 PM, slack,-
2026-09-29 08:29 PM, ebb,-132
2026-09-30 12:19 AM, slack,-
2026-09-30 02:18 AM, flood,94
2026-09-30 05:36 AM, slack,-
2026-09-30 08:52 AM, ebb,-112
2026-09-30 12:25 PM, slack,-
2026-09-30 02:33 PM, flood,98
2026-09-30 05:54 PM, slack,-
2026-09-30 09:19 PM, ebb,-127
2026-10-01 01:10 AM, slack,-
2026-10-01 03:09 AM, flood,86
2026-10-01 06:28 AM, slack,-
2026-10-01 09:44 AM, ebb,-106
2026-10-01 01:18 PM, slack,-
2026-10-01 03:26 PM, flood,91
2026-10-01 06:47 PM, slack,-
2026-10-01 10:13 PM, ebb,-118
2026-10-02 02:08 AM, slack,-
2026-10-02 04:06 AM, flood,78
2026-10-02 07:25 AM, slack,-
2026-10-02 10:40 AM, ebb,-98
2026-10-02 02:19 PM, slack,-
2026-10-02 04:25 PM, flood,83
2026-10-02 07:47 PM, slack,-
2026-10-02 11:13 PM, ebb,-109
2026-10-03 03:12 AM, slack,-
2026-10-03 05:12 AM, flood,72
2026-10-03 08:28 AM, slack,-
2026-10-03 11:43 AM, ebb,-92
2026-10-03 03:26 PM, slack,-
2026-10-03 05:32 PM, flood,76
2026-10-03 08:52 PM, slack,-
2026-10-04 12:18 AM, ebb,-102
2026-10-04 04:20 AM, slack,-
2026-10-04 06:23 AM, flood,69
2026-10-04 09:35 AM, slack,-
2026-10-04 12:52 PM, ebb,-90
2026-10-04 04:38 PM, slack,-
2026-10-04 06:45 PM, flood,73
2026-10-04 10:01 PM, slack,-
2026-10-05 01:29 AM, ebb,-99
2026-10-05 05:26 AM, slack,-
2026-10-05 07:36 AM, flood,71
2026-10-05 10:44 AM, slack,-
2026-10-05 02:03 PM, ebb,-94
2026-10-05 05:48 PM, slack,-
2026-10-05 07:59 PM, flood,75
2026-10-05 11:11 PM, slack,-
2026-10-06 02:38 AM, ebb,-100
2026-10-06 06:28 AM, slack,-
2026-10-06 08:43 AM, flood,78
2026-10-06 11:48 AM, slack,-
2026-10-06 03:10 PM, ebb,-102
2026-10-06 06:53 PM, slack,-
2026-10-06 09:08 PM, flood,80
2026-10-07 12:16 AM, slack,-
2026-10-07 03:40 AM, ebb,-104
2026-10-07 07:24 AM, slack,-
2026-10-07 09:42 AM, flood,86
2026-10-07 12:47 PM, slack,-
2026-10-07 04:09 PM, ebb,-112
2026-10-07 07:53 PM, slack,-
2026-10-07 10:09 PM, flood,86
2026-10-08 01:15 AM, slack,-
2026-10-08 04:36 AM, ebb,-108
2026-10-08 08:15 AM, slack,-
2026-10-08 10:34 AM, flood,93
2026-10-08 01:39 PM, slack,-
2026-10-08 05:01 PM, ebb,-120
2026-10-08 08:47 PM, slack,-
2026-10-08 11:02 PM, flood,91
2026-10-09 02:08 AM, slack,-
2026-10-09 05:25 AM, ebb,-110
2026-10-09 09:02 AM, slack,-
2026-10-09 11:21 AM, flood,98
2026-10-09 02:26 PM, slack,-
2026-10-09 05:49 PM, ebb,-126
2026-10-09 09:37 PM, slack,-
2026-10-09 11:50 PM, flood,93
2026-10-10 02:57 AM, slack,-
2026-10-10 06:12 AM, ebb,-110
2026-10-10 09:47 AM, slack,-
2026-10-10 12:04 PM, flood,99
2026-10-10 03:10 PM, slack,-
2026-10-10 06:34 PM, ebb,-128
2026-10-10 10:24 PM, slack,-
2026-10-11 12:35 AM, flood,93
2026-10-11 03:42 AM, slack,-
2026-10-11 06:56 AM, ebb,-108
2026-10-11 10:31 AM, slack,-
2026-10-11 12:44 PM, flood,97
2026-10-11 03:52 PM, slack,-
2026-10-11 07:17 PM, ebb,-125
2026-10-11 11:08 PM, slack,-
2026-10-12 01:16 AM, flood,90
2026-10-12 04:25 AM, slack,-
2026-10-12 07:38 AM, ebb,-103
2026-10-12 11:13 AM, slack,-
2026-10-12 01:23 PM, flood,92
2026-10-12 04:33 PM, slack,-
2026-10-12 07:59 PM, ebb,-120
2026-10-12 11:51 PM, slack,-
2026-10-13 01:56 AM, flood,84
2026-10-13 05:07 AM, slack,-
2026-10-13 08:20 AM, ebb,-98
2026-10-13 11:56 AM, slack,-
2026-10-13 02:01 PM, flood,85
2026-10-13 05:13 PM, slack,-
2026-10-13 08:40 PM, ebb,-112
2026-10-14 12:34 AM, slack,-
2026-10-14 02:35 AM, flood,78
2026-10-14 05:48 AM, slack,-
2026-10-14 09:02 AM, ebb,-92
2026-10-14 12:39 PM, slack,-
2026-10-14 02:40 PM, flood,77
2026-10-14 05:53 PM, slack,-
2026-10-14 09:21 PM, ebb,-104
2026-10-15 01:17 AM, slack,-
2026-10-15 03:16 AM, flood,71
2026-10-15 06:30 AM, slack,-
2026-10-15 09:44 AM, ebb,-85
2026-10-15 01:25 PM, slack,-
2026-10-15 03:21 PM, flood,70
2026-10-15 06:35 PM, slack,-
2026-10-15 10:02 PM, ebb,-95
2026-10-16 02:02 AM, slack,-
2026-10-16 03:59 AM, flood,64
2026-10-16 07:13 AM, slack,-
2026-10-16 10:28 AM, ebb,-80
2026-10-16 02:12 PM, slack,-
2026-10-16 04:06 PM, flood,63
2026-10-16 07:18 PM, slack,-
2026-10-16 10:46 PM, ebb,-87
2026-10-17 02:49 AM, slack,-
2026-10-17 04:45 AM, flood,60
2026-10-17 07:58 AM, slack,-
2026-10-17 11:15 AM, ebb,-76
2026-10-17 03:03 PM, slack,-
2026-10-17 04:54 PM, flood,58
2026-10-17 08:05 PM, slack,-
2026-10-17 11:34 PM, ebb,-81
2026-10-18 03:38 AM, slack,-
2026-10-18 05:35 AM, flood,57
2026-10-18 08:47 AM, slack,-
2026-10-18 12:05 PM, ebb,-75
2026-10-18 03:57 PM, slack,-
2026-10-18 05:46 PM, flood,56
2026-10-18 08:55 PM, slack,-
2026-10-19 12:24 AM, ebb,-78
2026-10-19 04:27 AM, slack,-
2026-10-19 06:25 AM, flood,58
2026-10-19 09:37 AM, slack,-
2026-10-19 12:58 PM, ebb,-77
2026-10-19 04:51 PM, slack,-
2026-10-19 06:39 PM, flood,56
2026-10-19 09:49 PM, slack,-
2026-10-20 01:17 AM, ebb,-79
2026-10-20 05:16 AM, slack,-
2026-10-20 07:15 AM, flood,62
2026-10-20 10:28 AM, slack,-
2026-10-20 01:51 PM, ebb,-83
2026-10-20 05:43 PM, slack,-
2026-10-20 07:33 PM, flood,60
2026-10-20 10:43 PM, slack,-
2026-10-21 02:10 AM, ebb,-82
2026-10-21 06:02 AM, slack,-
2026-10-21 08:04 AM, flood,68
2026-10-21 11:17 AM, slack,-
2026-10-21 02:41 PM, ebb,-92
2026-10-21 06:32 PM, slack,-
2026-10-21 08:25 PM, flood,66
2026-10-21 11:37 PM, slack,-
2026-10-22 03:00 AM, ebb,-89
2026-10-22 06:46 AM, slack,-
2026-10-22 08:51 AM, flood,75
2026-10-22 12:05 PM, slack,-
2026-10-22 03:29 PM, ebb,-103
2026-10-22 07:19 PM, slack,-
2026-10-22 09:15 PM, flood,74
2026-10-23 12:29 AM, slack,-
2026-10-23 03:47 AM, ebb,-96
2026-10-23 07:30 AM, slack,-
2026-10-23 09:37 AM, flood,84
2026-10-23 12:51 PM, slack,-
2026-10-23 04:14 PM, ebb,-114
2026-10-23 08:04 PM, slack,-
2026-10-23 10:04 PM, flood,83
2026-10-24 01:18 AM, slack,-
2026-10-24 04:33 AM, ebb,-104
2026-10-24 08:13 AM, slack,-
2026-10-24 10:22 AM, flood,92
2026-10-24 01:36 PM, slack,-
2026-10-24 04:59 PM, ebb,-125
2026-10-24 08:50 PM, slack,-
2026-10-24 10:51 PM, flood,90
2026-10-25 02:06 AM, slack,-
2026-10-25 05:19 AM, ebb,-110
2026-10-25 08:56 AM, slack,-
2026-10-25 11:06 AM, flood,99
2026-10-25 02:21 PM, slack,-
2026-10-25 05:45 PM, ebb,-133
2026-10-25 09:35 PM, slack,-
2026-10-25 11:37 PM, flood,96
2026-10-26 02:53 AM, slack,-
2026-10-26 06:06 AM, ebb,-114
2026-10-26 09:41 AM, slack,-
2026-10-26 11:51 AM, flood,104
2026-10-26 03:07 PM, slack,-
2026-10-26 06:31 PM, ebb,-137
2026-10-26 10:22 PM, slack,-
2026-10-27 12:24 AM, flood,99
2026-10-27 03:41 AM, slack,-
2026-10-27 06:53 AM, ebb,-117
2026-10-27 10:28 AM, slack,-
2026-10-27 12:37 PM, flood,106
2026-10-27 03:54 PM, slack,-
2026-10-27 07:19 PM, ebb,-138
2026-10-27 11:10 PM, slack,-
2026-10-28 01:12 AM, flood,99
2026-10-28 04:30 AM, slack,-
2026-10-28 07:43 AM, ebb,-116
2026-10-28 11:17 AM, slack,-
2026-10-28 01:25 PM, flood,104
2026-10-28 04:44 PM, slack,-
2026-10-28 08:09 PM, ebb,-135
2026-10-29 12:01 AM, slack,-
2026-10-29 02:02 AM, flood,95
2026-10-29 05:21 AM, slack,-
2026-10-29 08:35 AM, ebb,-113
2026-10-29 12:09 PM, slack,-
2026-10-29 02:16 PM, flood,99
2026-10-29 05:36 PM, slack,-
2026-10-29 09:02 PM, ebb,-128
2026-10-30 12:55 AM, slack,-
2026-10-30 02:57 AM, flood,89
2026-10-30 06:16 AM, slack,-
2026-10-30 09:30 AM, ebb,-108
2026-10-30 01:07 PM, slack,-
2026-10-30 03:12 PM, flood,91
2026-10-30 06:33 PM, slack,-
2026-10-30 09:59 PM, ebb,-120
2026-10-31 01:54 AM, slack,-
2026-10-31 03:57 AM, flood,83
2026-10-31 07:15 AM, slack,-
2026-10-31 10:29 AM, ebb,-102
2026-10-31 02:10 PM, slack,-
2026-10-31 04:15 PM, flood,83
2026-10-31 07:34 PM, slack,-
2026-10-31 10:59 PM, ebb,-110
2026-11-01 02:57 AM, slack,-
2026-11-01 05:03 AM, flood,78
2026-11-01 08:18 AM, slack,-
2026-11-01 11:33 AM, ebb,-97
2026-11-01 03:19 PM, slack,-
2026-11-01 05:24 PM, flood,76
2026-11-01 08:40 PM, slack,-
2026-11-02 12:04 AM, ebb,-102
2026-11-02 04:01 AM, slack,-
2026-11-02 06:13 AM, flood,76
2026-11-02 09:23 AM, slack,-
2026-11-02 12:41 PM, ebb,-96
2026-11-02 04:30 PM, slack,-
2026-11-02 06:38 PM, flood,73
2026-11-02 09:48 PM, slack,-
2026-11-03 01:14 AM, ebb,-97
2026-11-03 05:05 AM, slack,-
2026-11-03 07:20 AM, flood,78
2026-11-03 10:28 AM, slack,-
2026-11-03 01:51 PM, ebb,-100
2026-11-03 05:39 PM, slack,-
2026-11-03 07:50 PM, flood,74
2026-11-03 10:57 PM, slack,-
2026-11-04 02:22 AM, ebb,-96
2026-11-04 06:04 AM, slack,-
2026-11-04 08:23 AM, flood,82
2026-11-04 11:29 AM, slack,-
2026-11-04 02:56 PM, ebb,-107
2026-11-04 06:43 PM, slack,-
2026-11-04 08:56 PM, flood,77
2026-11-05 12:01 AM, slack,-
2026-11-05 03:24 AM, ebb,-98
2026-11-05 07:00 AM, slack,-
2026-11-05 09:20 AM, flood,86
2026-11-05 12:25 PM, slack,-
2026-11-05 03:53 PM, ebb,-114
2026-11-05 07:41 PM, slack,-
2026-11-05 09:56 PM, flood,82
2026-11-06 01:00 AM, slack,-
2026-11-06 04:19 AM, ebb,-100
2026-11-06 07:51 AM, slack,-
2026-11-06 10:11 AM, flood,90
2026-11-06 01:16 PM, slack,-
2026-11-06 04:45 PM, ebb,-120
2026-11-06 08:34 PM, slack,-
2026-11-06 10:48 PM, flood,85
2026-11-07 01:53 AM, slack,-
2026-11-07 05:08 AM, ebb,-100
2026-11-07 08:39 AM, slack,-
2026-11-07 10:58 AM, flood,92
2026-11-07 02:03 PM, slack,-
2026-11-07 05:31 PM, ebb,-123
2026-11-07 09:22 PM, slack,-
2026-11-07 11:36 PM, flood,87
2026-11-08 02:40 AM, slack,-
2026-11-08 05:54 AM, ebb,-100
2026-11-08 09:25 AM, slack,-
2026-11-08 11:42 AM, flood,91
2026-11-08 02:46 PM, slack,-
2026-11-08 06:15 PM, ebb,-122
2026-11-08 10:07 PM, slack,-
2026-11-09 12:18 AM, flood,87
2026-11-09 03:24 AM, slack,-
2026-11-09 06:36 AM, ebb,-98
2026-11-09 10:08 AM, slack,-
2026-11-09 12:21 PM, flood,89
2026-11-09 03:27 PM, slack,-
2026-11-09 06:56 PM, ebb,-119
2026-11-09 10:48 PM, slack,-
2026-11-10 12:58 AM, flood,85
2026-11-10 04:05 AM, slack,-
2026-11-10 07:17 AM, ebb,-96
2026-11-10 10:51 AM, slack,-
2026-11-10 12:59 PM, flood,85
2026-11-10 04:07 PM, slack,-
2026-11-10 07:35 PM, ebb,-114
2026-11-10 11:29 PM, slack,-
2026-11-11 01:35 AM, flood,81
2026-11-11 04:44 AM, slack,-
2026-11-11 07:56 AM, ebb,-93
2026-11-11 11:32 AM, slack,-
2026-11-11 01:35 PM, flood,80
2026-11-11 04:45 PM, slack,-
2026-11-11 08:13 PM, ebb,-108
2026-11-12 12:08 AM, slack,-
2026-11-12 02:11 AM, flood,77
2026-11-12 05:22 AM, slack,-
2026-11-12 08:35 AM, ebb,-90
2026-11-12 12:13 PM, slack,-
2026-11-12 02:12 PM, flood,76
2026-11-12 05:23 PM, slack,-
2026-11-12 08:51 PM, ebb,-102
2026-11-13 12:47 AM, slack,-
2026-11-13 02:47 AM, flood,73
2026-11-13 06:01 AM, slack,-
2026-11-13 09:15 AM, ebb,-88
2026-11-13 12:56 PM, slack,-
2026-11-13 02:50 PM, flood,70
2026-11-13 06:02 PM, slack,-
2026-11-13 09:29 PM, ebb,-97
2026-11-14 01:26 AM, slack,-
2026-11-14 03:25 AM, flood,70
2026-11-14 06:40 AM, slack,-
2026-11-14 09:55 AM, ebb,-85
2026-11-14 01:40 PM, slack,-
2026-11-14 03:31 PM, flood,66
2026-11-14 06:42 PM, slack,-
2026-11-14 10:10 PM, ebb,-92
2026-11-15 02:07 AM, slack,-
2026-11-15 04:06 AM, flood,68
2026-11-15 07:22 AM, slack,-
2026-11-15 10:39 AM, ebb,-84
2026-11-15 02:26 PM, slack,-
2026-11-15 04:16 PM, flood,63
2026-11-15 07:26 PM, slack,-
2026-11-15 10:52 PM, ebb,-88
2026-11-16 02:50 AM, slack,-
2026-11-16 04:50 AM, flood,67
2026-11-16 08:06 AM, slack,-
2026-11-16 11:25 AM, ebb,-84
2026-11-16 03:16 PM, slack,-
2026-11-16 05:04 PM, flood,61
2026-11-16 08:13 PM, slack,-
2026-11-16 11:39 PM, ebb,-85
2026-11-17 03:34 AM, slack,-
2026-11-17 05:37 AM, flood,68
2026-11-17 08:53 AM, slack,-
2026-11-17 12:14 PM, ebb,-87
2026-11-17 04:07 PM, slack,-
2026-11-17 05:55 PM, flood,61
2026-11-17 09:03 PM, slack,-
2026-11-18 12:29 AM, ebb,-84
2026-11-18 04:21 AM, slack,-
2026-11-18 06:24 AM, flood,70
2026-11-18 09:41 AM, slack,-
2026-11-18 01:05 PM, ebb,-92
2026-11-18 05:00 PM, slack,-
2026-11-18 06:47 PM, flood,63
2026-11-18 09:57 PM, slack,-
2026-11-19 01:21 AM, ebb,-85
2026-11-19 05:08 AM, slack,-
2026-11-19 07:13 AM, flood,74
2026-11-19 10:31 AM, slack,-
2026-11-19 01:57 PM, ebb,-99
2026-11-19 05:51 PM, slack,-
2026-11-19 07:41 PM, flood,68
2026-11-19 10:54 PM, slack,-
2026-11-20 02:15 AM, ebb,-89
2026-11-20 05:56 AM, slack,-
2026-11-20 08:02 AM, flood,80
2026-11-20 11:21 AM, slack,-
2026-11-20 02:48 PM, ebb,-108
2026-11-20 06:41 PM, slack,-
2026-11-20 08:34 PM, flood,74
2026-11-20 11:50 PM, slack,-
2026-11-21 03:08 AM, ebb,-94
2026-11-21 06:45 AM, slack,-
2026-11-21 08:53 AM, flood,86
2026-11-21 12:12 PM, slack,-
2026-11-21 03:39 PM, ebb,-118
2026-11-21 07:31 PM, slack,-
2026-11-21 09:28 PM, flood,81
2026-11-22 12:44 AM, slack,-
2026-11-22 03:59 AM, ebb,-101
2026-11-22 07:34 AM, slack,-
2026-11-22 09:43 AM, flood,93
2026-11-22 01:02 PM, slack,-
2026-11-22 04:28 PM, ebb,-127
2026-11-22 08:21 PM, slack,-
2026-11-22 10:21 PM, flood,88
2026-11-23 01:38 AM, slack,-
2026-11-23 04:50 AM, ebb,-107
2026-11-23 08:24 AM, slack,-
2026-11-23 10:34 AM, flood,99
2026-11-23 01:52 PM, slack,-
2026-11-23 05:18 PM, ebb,-134
2026-11-23 09:11 PM, slack,-
2026-11-23 11:13 PM, flood,94
2026-11-24 02:30 AM, slack,-
2026-11-24 05:41 AM, ebb,-112
2026-11-24 09:14 AM, slack,-
2026-11-24 11:25 AM, flood,103
2026-11-24 02:43 PM, slack,-
2026-11-24 06:08 PM, ebb,-138
2026-11-24 10:01 PM, slack,-
2026-11-25 12:05 AM, flood,98
2026-11-25 03:21 AM, slack,-
2026-11-25 06:33 AM, ebb,-116
2026-11-25 10:06 AM, slack,-
2026-11-25 12:17 PM, flood,105
2026-11-25 03:35 PM, slack,-
2026-11-25 07:00 PM, ebb,-138
2026-11-25 10:53 PM, slack,-
2026-11-26 12:57 AM, flood,99
2026-11-26 04:14 AM, slack,-
2026-11-26 07:26 AM, ebb,-116
2026-11-26 11:00 AM, slack,-
2026-11-26 01:09 PM, flood,104
2026-11-26 04:27 PM, slack,-
2026-11-26 07:53 PM, ebb,-136
2026-11-26 11:46 PM, slack,-
2026-11-27 01:50 AM, flood,98
2026-11-27 05:08 AM, slack,-
2026-11-27 08:20 AM, ebb,-115
2026-11-27 11:56 AM, slack,-
2026-11-27 02:03 PM, flood,100
2026-11-27 05:22 PM, slack,-
2026-11-27 08:48 PM, ebb,-130
2026-11-28 12:40 AM, slack,-
2026-11-28 02:46 AM, flood,94
2026-11-28 06:04 AM, slack,-
2026-11-28 09:17 AM, ebb,-112
2026-11-28 12:56 PM, slack,-
2026-11-28 03:01 PM, flood,93
2026-11-28 06:19 PM, slack,-
2026-11-28 09:44 PM, ebb,-122
2026-11-29 01:37 AM, slack,-
2026-11-29 03:45 AM, flood,90
2026-11-29 07:03 AM, slack,-
2026-11-29 10:16 AM, ebb,-108
2026-11-29 01:59 PM, slack,-
2026-11-29 04:04 PM, flood,85
2026-11-29 07:20 PM, slack,-
2026-11-29 10:43 PM, ebb,-112
2026-11-30 02:36 AM, slack,-
2026-11-30 04:48 AM, flood,86
2026-11-30 08:03 AM, slack,-
2026-11-30 11:18 AM, ebb,-105
2026-11-30 03:06 PM, slack,-
2026-11-30 05:12 PM, flood,78
2026-11-30 08:23 PM, slack,-
2026-11-30 11:46 PM, ebb,-103
2026-12-01 03:37 AM, slack,-
2026-12-01 05:52 AM, flood,84
2026-12-01 09:04 AM, slack,-
2026-12-01 12:24 PM, ebb,-103
2026-12-01 04:16 PM, slack,-
2026-12-01 06:23 PM, flood,73
2026-12-01 09:29 PM, slack,-
2026-12-02 12:52 AM, ebb,-96
2026-12-02 04:37 AM, slack,-
2026-12-02 06:55 AM, flood,82
2026-12-02 10:05 AM, slack,-
2026-12-02 01:31 PM, ebb,-104
2026-12-02 05:23 PM, slack,-
2026-12-02 07:32 PM, flood,72
2026-12-02 10:36 PM, slack,-
2026-12-03 01:59 AM, ebb,-91
2026-12-03 05:37 AM, slack,-
2026-12-03 07:56 AM, flood,82
2026-12-03 11:04 AM, slack,-
2026-12-03 02:35 PM, ebb,-108
2026-12-03 06:26 PM, slack,-
2026-12-03 08:37 PM, flood,73
2026-12-03 11:41 PM, slack,-
2026-12-04 03:02 AM, ebb,-90
2026-12-04 06:33 AM, slack,-
2026-12-04 08:53 AM, flood,82
2026-12-04 11:59 AM, slack,-
2026-12-04 03:33 PM, ebb,-112
2026-12-04 07:24 PM, slack,-
2026-12-04 09:37 PM, flood,75
2026-12-05 12:41 AM, slack,-
2026-12-05 03:59 AM, ebb,-90
2026-12-05 07:26 AM, slack,-
2026-12-05 09:46 AM, flood,83
2026-12-05 12:51 PM, slack,-
2026-12-05 04:26 PM, ebb,-114
2026-12-05 08:17 PM, slack,-
2026-12-05 10:30 PM, flood,78
2026-12-06 01:34 AM, slack,-
2026-12-06 04:49 AM, ebb,-91
2026-12-06 08:16 AM, slack,-
2026-12-06 10:35 AM, flood,83
2026-12-06 01:39 PM, slack,-
2026-12-06 05:12 PM, ebb,-115
2026-12-06 09:04 PM, slack,-
2026-12-06 11:18 PM, flood,80
2026-12-07 02:21 AM, slack,-
2026-12-07 05:35 AM, ebb,-91
2026-12-07 09:03 AM, slack,-
2026-12-07 11:19 AM, flood,83
2026-12-07 02:23 PM, slack,-
2026-12-07 05:55 PM, ebb,-114
2026-12-07 09:47 PM, slack,-
2026-12-08 12:00 AM, flood,81
2026-12-08 03:04 AM, slack,-
2026-12-08 06:16 AM, ebb,-92
2026-12-08 09:47 AM, slack,-
2026-12-08 12:00 PM, flood,82
2026-12-08 03:04 PM, slack,-
2026-12-08 06:34 PM, ebb,-112
2026-12-08 10:28 PM, slack,-
2026-12-09 12:38 AM, flood,81
2026-12-09 03:43 AM, slack,-
2026-12-09 06:55 AM, ebb,-92
2026-12-09 10:29 AM, slack,-
2026-12-09 12:36 PM, flood,81
2026-12-09 03:42 PM, slack,-
2026-12-09 07:11 PM, ebb,-110
2026-12-09 11:05 PM, slack,-
2026-12-10 01:13 AM, flood,80
2026-12-10 04:20 AM, slack,-
2026-12-10 07:32 AM, ebb,-92
2026-12-10 11:09 AM, slack,-
2026-12-10 01:11 PM, flood,79
2026-12-10 04:19 PM, slack,-
2026-12-10 07:47 PM, ebb,-106
2026-12-10 11:42 PM, slack,-
2026-12-11 01:46 AM, flood,79
2026-12-11 04:56 AM, slack,-
2026-12-11 08:09 AM, ebb,-92
2026-12-11 11:48 AM, slack,-
2026-12-11 01:46 PM, flood,77
2026-12-11 04:55 PM, slack,-
2026-12-11 08:22 PM, ebb,-104
2026-12-12 12:17 AM, slack,-
2026-12-12 02:19 AM, flood,78
2026-12-12 05:32 AM, slack,-
2026-12-12 08:46 AM, ebb,-93
2026-12-12 12:27 PM, slack,-
2026-12-12 02:22 PM, flood,74
2026-12-12 05:32 PM, slack,-
2026-12-12 08:58 PM, ebb,-101
2026-12-13 12:52 AM, slack,-
2026-12-13 02:53 AM, flood,77
2026-12-13 06:09 AM, slack,-
2026-12-13 09:24 AM, ebb,-94
2026-12-13 01:08 PM, slack,-
2026-12-13 03:00 PM, flood,72
2026-12-13 06:11 PM, slack,-
2026-12-13 09:36 PM, ebb,-98
2026-12-14 01:28 AM, slack,-
2026-12-14 03:31 AM, flood,77
2026-12-14 06:48 AM, slack,-
2026-12-14 10:05 AM, ebb,-95
2026-12-14 01:51 PM, slack,-
2026-12-14 03:42 PM, flood,70
2026-12-14 06:51 PM, slack,-
2026-12-14 10:16 PM, ebb,-95
2026-12-15 02:06 AM, slack,-
2026-12-15 04:11 AM, flood,77
2026-12-15 07:28 AM, slack,-
2026-12-15 10:48 AM, ebb,-96
2026-12-15 02:37 PM, slack,-
2026-12-15 04:27 PM, flood,68
2026-12-15 07:36 PM, slack,-
2026-12-15 11:00 PM, ebb,-93
2026-12-16 02:47 AM, slack,-
2026-12-16 04:54 AM, flood,78
2026-12-16 08:12 AM, slack,-
2026-12-16 11:34 AM, ebb,-98
2026-12-16 03:26 PM, slack,-
2026-12-16 05:16 PM, flood,67
2026-12-16 08:24 PM, slack,-
2026-12-16 11:48 PM, ebb,-90
2026-12-17 03:32 AM, slack,-
2026-12-17 05:40 AM, flood,79
2026-12-17 08:59 AM, slack,-
2026-12-17 12:24 PM, ebb,-101
2026-12-17 04:19 PM, slack,-
2026-12-17 06:08 PM, flood,67
2026-12-17 09:17 PM, slack,-
2026-12-18 12:40 AM, ebb,-89
2026-12-18 04:20 AM, slack,-
2026-12-18 06:29 AM, flood,80
2026-12-18 09:49 AM, slack,-
2026-12-18 01:17 PM, ebb,-105
2026-12-18 05:13 PM, slack,-
2026-12-18 07:02 PM, flood,69
2026-12-18 10:14 PM, slack,-
2026-12-19 01:36 AM, ebb,-90
2026-12-19 05:13 AM, slack,-
2026-12-19 07:21 AM, flood,83
2026-12-19 10:42 AM, slack,-
2026-12-19 02:12 PM, ebb,-110
2026-12-19 06:07 PM, slack,-
2026-12-19 07:58 PM, flood,72
2026-12-19 11:14 PM, slack,-
2026-12-20 02:33 AM, ebb,-93
2026-12-20 06:07 AM, slack,-
2026-12-20 08:16 AM, flood,87
2026-12-20 11:38 AM, slack,-
2026-12-20 03:07 PM, ebb,-117
2026-12-20 07:02 PM, slack,-
2026-12-20 08:57 PM, flood,77
2026-12-21 12:14 AM, slack,-
2026-12-21 03:30 AM, ebb,-98
2026-12-21 07:02 AM, slack,-
2026-12-21 09:12 AM, flood,91
2026-12-21 12:34 PM, slack,-
2026-12-21 04:02 PM, ebb,-124
2026-12-21 07:57 PM, slack,-
2026-12-21 09:56 PM, flood,83
2026-12-22 01:13 AM, slack,-
2026-12-22 04:26 AM, ebb,-104
2026-12-22 07:58 AM, slack,-
2026-12-22 10:09 AM, flood,96
2026-12-22 01:30 PM, slack,-
2026-12-22 04:56 PM, ebb,-130
2026-12-22 08:51 PM, slack,-
2026-12-22 10:54 PM, flood,90
2026-12-23 02:10 AM, slack,-
2026-12-23 05:21 AM, ebb,-111
2026-12-23 08:54 AM, slack,-
2026-12-23 11:06 AM, flood,101
2026-12-23 02:25 PM, slack,-
2026-12-23 05:50 PM, ebb,-135
2026-12-23 09:44 PM, slack,-
2026-12-23 11:50 PM, flood,96
2026-12-24 03:05 AM, slack,-
2026-12-24 06:16 AM, ebb,-116
2026-12-24 09:51 AM, slack,-
2026-12-24 12:01 PM, flood,104
2026-12-24 03:19 PM, slack,-
2026-12-24 06:44 PM, ebb,-137
2026-12-24 10:37 PM, slack,-
2026-12-25 12:44 AM, flood,100
2026-12-25 03:59 AM, slack,-
2026-12-25 07:11 AM, ebb,-119
2026-12-25 10:47 AM, slack,-
2026-12-25 12:56 PM, flood,105
2026-12-25 04:13 PM, slack,-
2026-12-25 07:38 PM, ebb,-136
2026-12-25 11:30 PM, slack,-
2026-12-26 01:38 AM, flood,102
2026-12-26 04:54 AM, slack,-
2026-12-26 08:06 AM, ebb,-120
2026-12-26 11:44 AM, slack,-
2026-12-26 01:51 PM, flood,102
2026-12-26 05:08 PM, slack,-
2026-12-26 08:32 PM, ebb,-131
2026-12-27 12:22 AM, slack,-
2026-12-27 02:32 AM, flood,101
2026-12-27 05:48 AM, slack,-
2026-12-27 09:02 AM, ebb,-119
2026-12-27 12:43 PM, slack,-
2026-12-27 02:48 PM, flood,95
2026-12-27 06:04 PM, slack,-
2026-12-27 09:27 PM, ebb,-124
2026-12-28 01:16 AM, slack,-
2026-12-28 03:27 AM, flood,98
2026-12-28 06:44 AM, slack,-
2026-12-28 09:59 AM, ebb,-116
2026-12-28 01:44 PM, slack,-
2026-12-28 03:48 PM, flood,87
2026-12-28 07:02 PM, slack,-
2026-12-28 10:23 PM, ebb,-114
2026-12-29 02:11 AM, slack,-
2026-12-29 04:25 AM, flood,93
2026-12-29 07:40 AM, slack,-
2026-12-29 10:58 AM, ebb,-112
2026-12-29 02:48 PM, slack,-
2026-12-29 04:53 PM, flood,79
2026-12-29 08:02 PM, slack,-
2026-12-29 11:22 PM, ebb,-102
2026-12-30 03:08 AM, slack,-
2026-12-30 05:24 AM, flood,87
2026-12-30 08:37 AM, slack,-
2026-12-30 11:59 AM, ebb,-108
2026-12-30 03:54 PM, slack,-
2026-12-30 06:00 PM, flood,72
2026-12-30 09:05 PM, slack,-
2026-12-31 12:25 AM, ebb,-92
2026-12-31 04:06 AM, slack,-
2026-12-31 06:24 AM, flood,82
2026-12-31 09:35 AM, slack,-
2026-12-31 01:03 PM, ebb,-104
2026-12-31 05:00 PM, slack,-
2026-12-31 07:07 PM, flood,68
2026-12-31 10:10 PM, slack,-
